qid,image_id,image_filename,final_image_filename,image_relative_path,oss_url,city,lon,lat,streetclip_cluster_k25,image_file_exists_in_package
Q001,CD_221864,cd_221864_103.999795907_30.6283848631.jpg,Q001__cd_221864_103.9997959_30.62838486.jpg,images/Q001__cd_221864_103.9997959_30.62838486.jpg,,CD,103.9997959,30.62838486,0,True
Q002,CD_32881,cd_32881_104.100416704_30.7155722739.jpg,Q002__cd_32881_104.1004167_30.71557227.jpg,images/Q002__cd_32881_104.1004167_30.71557227.jpg,,CD,104.1004167,30.71557227,0,True
Q003,CD_417210,cd_417210_104.091884218_30.6871662698.jpg,Q003__cd_417210_104.0918842_30.68716627.jpg,images/Q003__cd_417210_104.0918842_30.68716627.jpg,,CD,104.0918842,30.68716627,0,True
Q004,CD_478379,cd_478379_104.135965253_30.6148259809.jpg,Q004__cd_478379_104.1359653_30.61482598.jpg,images/Q004__cd_478379_104.1359653_30.61482598.jpg,,CD,104.1359653,30.61482598,0,True
Q005,CD_34346,cd_34346_104.049111706_30.6894796327.jpg,Q005__cd_34346_104.0491117_30.68947963.jpg,images/Q005__cd_34346_104.0491117_30.68947963.jpg,,CD,104.0491117,30.68947963,0,True
Q006,CD_50290,cd_50290_104.03920936_30.6203882927.jpg,Q006__cd_50290_104.0392094_30.62038829.jpg,images/Q006__cd_50290_104.0392094_30.62038829.jpg,,CD,104.0392094,30.62038829,0,True
Q007,CD_222881,cd_222881_104.079107657_30.6228562662.jpg,Q007__cd_222881_104.0791077_30.62285627.jpg,images/Q007__cd_222881_104.0791077_30.62285627.jpg,,CD,104.0791077,30.62285627,1,True
Q008,CD_222734,cd_222734_104.096522449_30.6282685716.jpg,Q008__cd_222734_104.0965224_30.62826857.jpg,images/Q008__cd_222734_104.0965224_30.62826857.jpg,,CD,104.0965224,30.62826857,1,True
Q009,CD_53457,cd_53457_104.023421144_30.644204119.jpg,Q009__cd_53457_104.0234211_30.64420412.jpg,images/Q009__cd_53457_104.0234211_30.64420412.jpg,,CD,104.0234211,30.64420412,1,True
Q010,CD_222605,cd_222605_104.019380143_30.6621174291.jpg,Q010__cd_222605_104.0193801_30.66211743.jpg,images/Q010__cd_222605_104.0193801_30.66211743.jpg,,CD,104.0193801,30.66211743,1,True
Q011,CD_464027,cd_464027_104.052789081_30.6113649999.jpg,Q011__cd_464027_104.0527891_30.611365.jpg,images/Q011__cd_464027_104.0527891_30.611365.jpg,,CD,104.0527891,30.611365,1,True
Q012,CD_53958,cd_53958_104.099153423_30.6353304424.jpg,Q012__cd_53958_104.0991534_30.63533044.jpg,images/Q012__cd_53958_104.0991534_30.63533044.jpg,,CD,104.0991534,30.63533044,1,True
Q013,CD_35249,cd_35249_104.014858957_30.6735232166.jpg,Q013__cd_35249_104.014859_30.67352322.jpg,images/Q013__cd_35249_104.014859_30.67352322.jpg,,CD,104.014859,30.67352322,1,True
Q014,CD_420939,cd_420939_104.046263034_30.7087512282.jpg,Q014__cd_420939_104.046263_30.70875123.jpg,images/Q014__cd_420939_104.046263_30.70875123.jpg,,CD,104.046263,30.70875123,2,True
Q015,CD_421054,cd_421054_104.026999127_30.6919058896.jpg,Q015__cd_421054_104.0269991_30.69190589.jpg,images/Q015__cd_421054_104.0269991_30.69190589.jpg,,CD,104.0269991,30.69190589,2,True
Q016,CD_461159,cd_461159_103.996211893_30.6381811608.jpg,Q016__cd_461159_103.9962119_30.63818116.jpg,images/Q016__cd_461159_103.9962119_30.63818116.jpg,,CD,103.9962119,30.63818116,2,True
Q017,CD_473004,cd_473004_104.087284544_30.6528862985.jpg,Q017__cd_473004_104.0872845_30.6528863.jpg,images/Q017__cd_473004_104.0872845_30.6528863.jpg,,CD,104.0872845,30.6528863,2,True
Q018,CD_463463,cd_463463_104.003961568_30.652569165.jpg,Q018__cd_463463_104.0039616_30.65256917.jpg,images/Q018__cd_463463_104.0039616_30.65256917.jpg,,CD,104.0039616,30.65256917,2,True
Q019,CD_472257,cd_472257_104.060367304_30.6373516831.jpg,Q019__cd_472257_104.0603673_30.63735168.jpg,images/Q019__cd_472257_104.0603673_30.63735168.jpg,,CD,104.0603673,30.63735168,2,True
Q020,CD_53749,cd_53749_104.115700637_30.6570014825.jpg,Q020__cd_53749_104.1157006_30.65700148.jpg,images/Q020__cd_53749_104.1157006_30.65700148.jpg,,CD,104.1157006,30.65700148,3,True
Q021,CD_56113,cd_56113_104.129529233_30.6496968174.jpg,Q021__cd_56113_104.1295292_30.64969682.jpg,images/Q021__cd_56113_104.1295292_30.64969682.jpg,,CD,104.1295292,30.64969682,3,True
Q022,CD_52896,cd_52896_104.052180715_30.6235295448.jpg,Q022__cd_52896_104.0521807_30.62352954.jpg,images/Q022__cd_52896_104.0521807_30.62352954.jpg,,CD,104.0521807,30.62352954,3,True
Q023,CD_39480,cd_39480_104.150059287_30.6905185637.jpg,Q023__cd_39480_104.1500593_30.69051856.jpg,images/Q023__cd_39480_104.1500593_30.69051856.jpg,,CD,104.1500593,30.69051856,3,True
Q024,CD_472735,cd_472735_104.078331867_30.6582408094.jpg,Q024__cd_472735_104.0783319_30.65824081.jpg,images/Q024__cd_472735_104.0783319_30.65824081.jpg,,CD,104.0783319,30.65824081,4,True
Q025,CD_58400,cd_58400_104.136683084_30.6383480185.jpg,Q025__cd_58400_104.1366831_30.63834802.jpg,images/Q025__cd_58400_104.1366831_30.63834802.jpg,,CD,104.1366831,30.63834802,4,True
Q026,CD_58409,cd_58409_104.134745364_30.633939657.jpg,Q026__cd_58409_104.1347454_30.63393966.jpg,images/Q026__cd_58409_104.1347454_30.63393966.jpg,,CD,104.1347454,30.63393966,4,True
Q027,CD_40080,cd_40080_104.132001043_30.6736365556.jpg,Q027__cd_40080_104.132001_30.67363656.jpg,images/Q027__cd_40080_104.132001_30.67363656.jpg,,CD,104.132001,30.67363656,4,True
Q028,CD_55414,cd_55414_104.063204632_30.6463114514.jpg,Q028__cd_55414_104.0632046_30.64631145.jpg,images/Q028__cd_55414_104.0632046_30.64631145.jpg,,CD,104.0632046,30.64631145,5,True
Q029,CD_33782,cd_33782_104.043463768_30.6827972367.jpg,Q029__cd_33782_104.0434638_30.68279724.jpg,images/Q029__cd_33782_104.0434638_30.68279724.jpg,,CD,104.0434638,30.68279724,5,True
Q030,CD_55201,cd_55201_104.063556097_30.6543891924.jpg,Q030__cd_55201_104.0635561_30.65438919.jpg,images/Q030__cd_55201_104.0635561_30.65438919.jpg,,CD,104.0635561,30.65438919,5,True
Q031,CD_468473,cd_468473_104.095951588_30.6246889605.jpg,Q031__cd_468473_104.0959516_30.62468896.jpg,images/Q031__cd_468473_104.0959516_30.62468896.jpg,,CD,104.0959516,30.62468896,5,True
Q032,CD_473461,cd_473461_104.065930923_30.6607407796.jpg,Q032__cd_473461_104.0659309_30.66074078.jpg,images/Q032__cd_473461_104.0659309_30.66074078.jpg,,CD,104.0659309,30.66074078,5,True
Q033,CD_96711,cd_96711_104.076939145_30.677436256.jpg,Q033__cd_96711_104.0769391_30.67743626.jpg,images/Q033__cd_96711_104.0769391_30.67743626.jpg,,CD,104.0769391,30.67743626,5,True
Q034,CD_479896,cd_479896_104.140031562_30.6603315168.jpg,Q034__cd_479896_104.1400316_30.66033152.jpg,images/Q034__cd_479896_104.1400316_30.66033152.jpg,,CD,104.1400316,30.66033152,6,True
Q035,CD_411547,cd_411547_104.121929929_30.7005412587.jpg,Q035__cd_411547_104.1219299_30.70054126.jpg,images/Q035__cd_411547_104.1219299_30.70054126.jpg,,CD,104.1219299,30.70054126,6,True
Q036,CD_424456,cd_424456_104.152387511_30.6926864439.jpg,Q036__cd_424456_104.1523875_30.69268644.jpg,images/Q036__cd_424456_104.1523875_30.69268644.jpg,,CD,104.1523875,30.69268644,6,True
Q037,CD_424761,cd_424761_104.127894944_30.6704732401.jpg,Q037__cd_424761_104.1278949_30.67047324.jpg,images/Q037__cd_424761_104.1278949_30.67047324.jpg,,CD,104.1278949,30.67047324,6,True
Q038,CD_422697,cd_422697_104.152821616_30.6923811621.jpg,Q038__cd_422697_104.1528216_30.69238116.jpg,images/Q038__cd_422697_104.1528216_30.69238116.jpg,,CD,104.1528216,30.69238116,6,True
Q039,CD_427686,cd_427686_104.151103382_30.7041041019.jpg,Q039__cd_427686_104.1511034_30.7041041.jpg,images/Q039__cd_427686_104.1511034_30.7041041.jpg,,CD,104.1511034,30.7041041,6,True
Q040,CD_463225,cd_463225_104.060964014_30.6015719051.jpg,Q040__cd_463225_104.060964_30.60157191.jpg,images/Q040__cd_463225_104.060964_30.60157191.jpg,,CD,104.060964,30.60157191,7,True
Q041,CD_222023,cd_222023_104.019681942_30.6136203009.jpg,Q041__cd_222023_104.0196819_30.6136203.jpg,images/Q041__cd_222023_104.0196819_30.6136203.jpg,,CD,104.0196819,30.6136203,7,True
Q042,CD_419642,cd_419642_104.050502098_30.7227426594.jpg,Q042__cd_419642_104.0505021_30.72274266.jpg,images/Q042__cd_419642_104.0505021_30.72274266.jpg,,CD,104.0505021,30.72274266,7,True
Q043,CD_221646,cd_221646_104.159512716_30.683988925.jpg,Q043__cd_221646_104.1595127_30.68398893.jpg,images/Q043__cd_221646_104.1595127_30.68398893.jpg,,CD,104.1595127,30.68398893,7,True
Q044,CD_34200,cd_34200_104.095626935_30.6752275092.jpg,Q044__cd_34200_104.0956269_30.67522751.jpg,images/Q044__cd_34200_104.0956269_30.67522751.jpg,,CD,104.0956269,30.67522751,7,True
Q045,CD_48963,cd_48963_104.035715313_30.6051583466.jpg,Q045__cd_48963_104.0357153_30.60515835.jpg,images/Q045__cd_48963_104.0357153_30.60515835.jpg,,CD,104.0357153,30.60515835,7,True
Q046,CD_462116,cd_462116_103.994818858_30.6464694967.jpg,Q046__cd_462116_103.9948189_30.6464695.jpg,images/Q046__cd_462116_103.9948189_30.6464695.jpg,,CD,103.9948189,30.6464695,7,True
Q047,CD_416701,cd_416701_104.093640805_30.6898844894.jpg,Q047__cd_416701_104.0936408_30.68988449.jpg,images/Q047__cd_416701_104.0936408_30.68988449.jpg,,CD,104.0936408,30.68988449,7,True
Q048,CD_468205,cd_468205_104.075526645_30.6076721445.jpg,Q048__cd_468205_104.0755266_30.60767214.jpg,images/Q048__cd_468205_104.0755266_30.60767214.jpg,,CD,104.0755266,30.60767214,8,True
Q049,CD_470364,cd_470364_104.10931853_30.6595612371.jpg,Q049__cd_470364_104.1093185_30.65956124.jpg,images/Q049__cd_470364_104.1093185_30.65956124.jpg,,CD,104.1093185,30.65956124,8,True
Q050,CD_412089,cd_412089_104.088397586_30.7019479283.jpg,Q050__cd_412089_104.0883976_30.70194793.jpg,images/Q050__cd_412089_104.0883976_30.70194793.jpg,,CD,104.0883976,30.70194793,8,True
Q051,CD_414222,cd_414222_104.04851781_30.6844839428.jpg,Q051__cd_414222_104.0485178_30.68448394.jpg,images/Q051__cd_414222_104.0485178_30.68448394.jpg,,CD,104.0485178,30.68448394,8,True
Q052,CD_472763,cd_472763_104.08306824_30.6487894574.jpg,Q052__cd_472763_104.0830682_30.64878946.jpg,images/Q052__cd_472763_104.0830682_30.64878946.jpg,,CD,104.0830682,30.64878946,8,True
Q053,CD_413805,cd_413805_104.124753625_30.7113853745.jpg,Q053__cd_413805_104.1247536_30.71138537.jpg,images/Q053__cd_413805_104.1247536_30.71138537.jpg,,CD,104.1247536,30.71138537,9,True
Q054,CD_57854,cd_57854_104.133922613_30.6175793902.jpg,Q054__cd_57854_104.1339226_30.61757939.jpg,images/Q054__cd_57854_104.1339226_30.61757939.jpg,,CD,104.1339226,30.61757939,9,True
Q055,CD_52413,cd_52413_104.102624823_30.6423034385.jpg,Q055__cd_52413_104.1026248_30.64230344.jpg,images/Q055__cd_52413_104.1026248_30.64230344.jpg,,CD,104.1026248,30.64230344,9,True
Q056,CD_55723,cd_55723_104.046614995_30.6642398344.jpg,Q056__cd_55723_104.046615_30.66423983.jpg,images/Q056__cd_55723_104.046615_30.66423983.jpg,,CD,104.046615,30.66423983,9,True
Q057,CD_54518,cd_54518_104.051864707_30.6358497011.jpg,Q057__cd_54518_104.0518647_30.6358497.jpg,images/Q057__cd_54518_104.0518647_30.6358497.jpg,,CD,104.0518647,30.6358497,9,True
Q058,CD_55345,cd_55345_104.068447632_30.6578367704.jpg,Q058__cd_55345_104.0684476_30.65783677.jpg,images/Q058__cd_55345_104.0684476_30.65783677.jpg,,CD,104.0684476,30.65783677,9,True
Q059,CD_55607,cd_55607_104.043778569_30.665741593.jpg,Q059__cd_55607_104.0437786_30.66574159.jpg,images/Q059__cd_55607_104.0437786_30.66574159.jpg,,CD,104.0437786,30.66574159,9,True
Q060,CD_36074,cd_36074_104.027764557_30.7106185261.jpg,Q060__cd_36074_104.0277646_30.71061853.jpg,images/Q060__cd_36074_104.0277646_30.71061853.jpg,,CD,104.0277646,30.71061853,9,True
Q061,CD_52408,cd_52408_104.114149711_30.6504201556.jpg,Q061__cd_52408_104.1141497_30.65042016.jpg,images/Q061__cd_52408_104.1141497_30.65042016.jpg,,CD,104.1141497,30.65042016,9,True
Q062,CD_417186,cd_417186_104.070670835_30.6958462554.jpg,Q062__cd_417186_104.0706708_30.69584626.jpg,images/Q062__cd_417186_104.0706708_30.69584626.jpg,,CD,104.0706708,30.69584626,10,True
Q063,CD_466795,cd_466795_104.071719044_30.6124878974.jpg,Q063__cd_466795_104.071719_30.6124879.jpg,images/Q063__cd_466795_104.071719_30.6124879.jpg,,CD,104.071719,30.6124879,10,True
Q064,CD_469344,cd_469344_104.110308955_30.6514121884.jpg,Q064__cd_469344_104.110309_30.65141219.jpg,images/Q064__cd_469344_104.110309_30.65141219.jpg,,CD,104.110309,30.65141219,10,True
Q065,CD_470700,cd_470700_104.072152437_30.6296825519.jpg,Q065__cd_470700_104.0721524_30.62968255.jpg,images/Q065__cd_470700_104.0721524_30.62968255.jpg,,CD,104.0721524,30.62968255,10,True
Q066,CD_455725,cd_455725_103.993649725_30.6540581984.jpg,Q066__cd_455725_103.9936497_30.6540582.jpg,images/Q066__cd_455725_103.9936497_30.6540582.jpg,,CD,103.9936497,30.6540582,10,True
Q067,CD_422717,cd_422717_104.132577106_30.6836760964.jpg,Q067__cd_422717_104.1325771_30.6836761.jpg,images/Q067__cd_422717_104.1325771_30.6836761.jpg,,CD,104.1325771,30.6836761,10,True
Q068,CD_465880,cd_465880_104.037155349_30.6176712289.jpg,Q068__cd_465880_104.0371553_30.61767123.jpg,images/Q068__cd_465880_104.0371553_30.61767123.jpg,,CD,104.0371553,30.61767123,11,True
Q069,CD_476734,cd_476734_104.129492567_30.6216420971.jpg,Q069__cd_476734_104.1294926_30.6216421.jpg,images/Q069__cd_476734_104.1294926_30.6216421.jpg,,CD,104.1294926,30.6216421,11,True
Q070,CD_47622,cd_47622_103.984645103_30.650069781.jpg,Q070__cd_47622_103.9846451_30.65006978.jpg,images/Q070__cd_47622_103.9846451_30.65006978.jpg,,CD,103.9846451,30.65006978,11,True
Q071,CD_53464,cd_53464_104.021046732_30.6447870491.jpg,Q071__cd_53464_104.0210467_30.64478705.jpg,images/Q071__cd_53464_104.0210467_30.64478705.jpg,,CD,104.0210467,30.64478705,11,True
Q072,CD_416577,cd_416577_104.095192555_30.6908843316.jpg,Q072__cd_416577_104.0951926_30.69088433.jpg,images/Q072__cd_416577_104.0951926_30.69088433.jpg,,CD,104.0951926,30.69088433,11,True
Q073,CD_48548,cd_48548_104.012544352_30.6350898492.jpg,Q073__cd_48548_104.0125444_30.63508985.jpg,images/Q073__cd_48548_104.0125444_30.63508985.jpg,,CD,104.0125444,30.63508985,11,True
Q074,CD_464707,cd_464707_104.008272967_30.6233319382.jpg,Q074__cd_464707_104.008273_30.62333194.jpg,images/Q074__cd_464707_104.008273_30.62333194.jpg,,CD,104.008273,30.62333194,11,True
Q075,CD_34107,cd_34107_104.069885005_30.6835240668.jpg,Q075__cd_34107_104.069885_30.68352407.jpg,images/Q075__cd_34107_104.069885_30.68352407.jpg,,CD,104.069885,30.68352407,12,True
Q076,CD_48945,cd_48945_104.059920075_30.6053591888.jpg,Q076__cd_48945_104.0599201_30.60535919.jpg,images/Q076__cd_48945_104.0599201_30.60535919.jpg,,CD,104.0599201,30.60535919,12,True
Q077,CD_226782,cd_226782_104.090113964_30.6452617516.jpg,Q077__cd_226782_104.090114_30.64526175.jpg,images/Q077__cd_226782_104.090114_30.64526175.jpg,,CD,104.090114,30.64526175,12,True
Q078,CD_53723,cd_53723_104.11636746_30.6416795221.jpg,Q078__cd_53723_104.1163675_30.64167952.jpg,images/Q078__cd_53723_104.1163675_30.64167952.jpg,,CD,104.1163675,30.64167952,12,True
Q079,CD_427488,cd_427488_104.144846734_30.6670460191.jpg,Q079__cd_427488_104.1448467_30.66704602.jpg,images/Q079__cd_427488_104.1448467_30.66704602.jpg,,CD,104.1448467,30.66704602,12,True
Q080,CD_412398,cd_412398_104.068844848_30.7228312326.jpg,Q080__cd_412398_104.0688448_30.72283123.jpg,images/Q080__cd_412398_104.0688448_30.72283123.jpg,,CD,104.0688448,30.72283123,12,True
Q081,CD_411668,cd_411668_104.082282612_30.7122074896.jpg,Q081__cd_411668_104.0822826_30.71220749.jpg,images/Q081__cd_411668_104.0822826_30.71220749.jpg,,CD,104.0822826,30.71220749,13,True
Q082,CD_97152,cd_97152_104.011818211_30.6683844222.jpg,Q082__cd_97152_104.0118182_30.66838442.jpg,images/Q082__cd_97152_104.0118182_30.66838442.jpg,,CD,104.0118182,30.66838442,13,True
Q083,CD_415781,cd_415781_104.057118575_30.6944542386.jpg,Q083__cd_415781_104.0571186_30.69445424.jpg,images/Q083__cd_415781_104.0571186_30.69445424.jpg,,CD,104.0571186,30.69445424,13,True
Q084,CD_465038,cd_465038_104.025669671_30.6232835527.jpg,Q084__cd_465038_104.0256697_30.62328355.jpg,images/Q084__cd_465038_104.0256697_30.62328355.jpg,,CD,104.0256697,30.62328355,13,True
Q085,CD_466491,cd_466491_104.108561994_30.6013575726.jpg,Q085__cd_466491_104.108562_30.60135757.jpg,images/Q085__cd_466491_104.108562_30.60135757.jpg,,CD,104.108562,30.60135757,13,True
Q086,CD_418413,cd_418413_104.036898248_30.7136076181.jpg,Q086__cd_418413_104.0368982_30.71360762.jpg,images/Q086__cd_418413_104.0368982_30.71360762.jpg,,CD,104.0368982,30.71360762,14,True
Q087,CD_471132,cd_471132_104.106139575_30.6559064092.jpg,Q087__cd_471132_104.1061396_30.65590641.jpg,images/Q087__cd_471132_104.1061396_30.65590641.jpg,,CD,104.1061396,30.65590641,14,True
Q088,CD_416908,cd_416908_104.079588457_30.6972293316.jpg,Q088__cd_416908_104.0795885_30.69722933.jpg,images/Q088__cd_416908_104.0795885_30.69722933.jpg,,CD,104.0795885,30.69722933,14,True
Q089,CD_420303,cd_420303_104.050288361_30.7239041554.jpg,Q089__cd_420303_104.0502884_30.72390416.jpg,images/Q089__cd_420303_104.0502884_30.72390416.jpg,,CD,104.0502884,30.72390416,14,True
Q090,CD_466034,cd_466034_104.022845381_30.6282832731.jpg,Q090__cd_466034_104.0228454_30.62828327.jpg,images/Q090__cd_466034_104.0228454_30.62828327.jpg,,CD,104.0228454,30.62828327,14,True
Q091,CD_413022,cd_413022_104.088524486_30.7142364362.jpg,Q091__cd_413022_104.0885245_30.71423644.jpg,images/Q091__cd_413022_104.0885245_30.71423644.jpg,,CD,104.0885245,30.71423644,14,True
Q092,CD_468263,cd_468263_104.069544177_30.6150537998.jpg,Q092__cd_468263_104.0695442_30.6150538.jpg,images/Q092__cd_468263_104.0695442_30.6150538.jpg,,CD,104.0695442,30.6150538,15,True
Q093,CD_462155,cd_462155_103.998700855_30.6609627682.jpg,Q093__cd_462155_103.9987009_30.66096277.jpg,images/Q093__cd_462155_103.9987009_30.66096277.jpg,,CD,103.9987009,30.66096277,15,True
Q094,CD_411828,cd_411828_104.100442887_30.7014864011.jpg,Q094__cd_411828_104.1004429_30.7014864.jpg,images/Q094__cd_411828_104.1004429_30.7014864.jpg,,CD,104.1004429,30.7014864,15,True
Q095,CD_51505,cd_51505_104.076628919_30.6107592498.jpg,Q095__cd_51505_104.0766289_30.61075925.jpg,images/Q095__cd_51505_104.0766289_30.61075925.jpg,,CD,104.0766289,30.61075925,15,True
Q096,CD_414081,cd_414081_104.042979691_30.6890736954.jpg,Q096__cd_414081_104.0429797_30.6890737.jpg,images/Q096__cd_414081_104.0429797_30.6890737.jpg,,CD,104.0429797,30.6890737,16,True
Q097,CD_470368,cd_470368_104.110432964_30.6585196938.jpg,Q097__cd_470368_104.110433_30.65851969.jpg,images/Q097__cd_470368_104.110433_30.65851969.jpg,,CD,104.110433,30.65851969,16,True
Q098,CD_421115,cd_421115_104.017623559_30.6991043475.jpg,Q098__cd_421115_104.0176236_30.69910435.jpg,images/Q098__cd_421115_104.0176236_30.69910435.jpg,,CD,104.0176236,30.69910435,16,True
Q099,CD_454357,cd_454357_103.998865221_30.6508768081.jpg,Q099__cd_454357_103.9988652_30.65087681.jpg,images/Q099__cd_454357_103.9988652_30.65087681.jpg,,CD,103.9988652,30.65087681,16,True
Q100,CD_469626,cd_469626_104.02117428_30.6423153705.jpg,Q100__cd_469626_104.0211743_30.64231537.jpg,images/Q100__cd_469626_104.0211743_30.64231537.jpg,,CD,104.0211743,30.64231537,16,True
Q101,CD_412293,cd_412293_104.07664588_30.7183104675.jpg,Q101__cd_412293_104.0766459_30.71831047.jpg,images/Q101__cd_412293_104.0766459_30.71831047.jpg,,CD,104.0766459,30.71831047,17,True
Q102,CD_473655,cd_473655_104.060001881_30.6569306823.jpg,Q102__cd_473655_104.0600019_30.65693068.jpg,images/Q102__cd_473655_104.0600019_30.65693068.jpg,,CD,104.0600019,30.65693068,17,True
Q103,CD_412283,cd_412283_104.074209697_30.7100125532.jpg,Q103__cd_412283_104.0742097_30.71001255.jpg,images/Q103__cd_412283_104.0742097_30.71001255.jpg,,CD,104.0742097,30.71001255,17,True
Q104,CD_469998,cd_469998_104.049901318_30.6203591649.jpg,Q104__cd_469998_104.0499013_30.62035916.jpg,images/Q104__cd_469998_104.0499013_30.62035916.jpg,,CD,104.0499013,30.62035916,17,True
Q105,CD_413471,cd_413471_104.067980677_30.7102725895.jpg,Q105__cd_413471_104.0679807_30.71027259.jpg,images/Q105__cd_413471_104.0679807_30.71027259.jpg,,CD,104.0679807,30.71027259,17,True
Q106,CD_43941,cd_43941_103.995969726_30.6526223574.jpg,Q106__cd_43941_103.9959697_30.65262236.jpg,images/Q106__cd_43941_103.9959697_30.65262236.jpg,,CD,103.9959697,30.65262236,17,True
Q107,CD_468578,cd_468578_104.077108241_30.6174469629.jpg,Q107__cd_468578_104.0771082_30.61744696.jpg,images/Q107__cd_468578_104.0771082_30.61744696.jpg,,CD,104.0771082,30.61744696,17,True
Q108,CD_54451,cd_54451_104.099896572_30.6632785808.jpg,Q108__cd_54451_104.0998966_30.66327858.jpg,images/Q108__cd_54451_104.0998966_30.66327858.jpg,,CD,104.0998966,30.66327858,17,True
Q109,CD_472888,cd_472888_104.088559454_30.6584895793.jpg,Q109__cd_472888_104.0885595_30.65848958.jpg,images/Q109__cd_472888_104.0885595_30.65848958.jpg,,CD,104.0885595,30.65848958,17,True
Q110,CD_417637,cd_417637_104.04685049_30.6998015079.jpg,Q110__cd_417637_104.0468505_30.69980151.jpg,images/Q110__cd_417637_104.0468505_30.69980151.jpg,,CD,104.0468505,30.69980151,18,True
Q111,CD_467460,cd_467460_104.112797448_30.6123269599.jpg,Q111__cd_467460_104.1127974_30.61232696.jpg,images/Q111__cd_467460_104.1127974_30.61232696.jpg,,CD,104.1127974,30.61232696,18,True
Q112,CD_221762,cd_221762_104.142498047_30.711734168.jpg,Q112__cd_221762_104.142498_30.71173417.jpg,images/Q112__cd_221762_104.142498_30.71173417.jpg,,CD,104.142498,30.71173417,18,True
Q113,CD_35670,cd_35670_104.024661615_30.7123334304.jpg,Q113__cd_35670_104.0246616_30.71233343.jpg,images/Q113__cd_35670_104.0246616_30.71233343.jpg,,CD,104.0246616,30.71233343,18,True
Q114,CD_413974,cd_413974_104.058465341_30.7218327736.jpg,Q114__cd_413974_104.0584653_30.72183277.jpg,images/Q114__cd_413974_104.0584653_30.72183277.jpg,,CD,104.0584653,30.72183277,18,True
Q115,CD_463347,cd_463347_104.008949102_30.6635913582.jpg,Q115__cd_463347_104.0089491_30.66359136.jpg,images/Q115__cd_463347_104.0089491_30.66359136.jpg,,CD,104.0089491,30.66359136,18,True
Q116,CD_463955,cd_463955_104.040260071_30.6120164015.jpg,Q116__cd_463955_104.0402601_30.6120164.jpg,images/Q116__cd_463955_104.0402601_30.6120164.jpg,,CD,104.0402601,30.6120164,18,True
Q117,CD_413707,cd_413707_104.097413988_30.7001131881.jpg,Q117__cd_413707_104.097414_30.70011319.jpg,images/Q117__cd_413707_104.097414_30.70011319.jpg,,CD,104.097414,30.70011319,19,True
Q118,CD_58489,cd_58489_104.125946035_30.6388793895.jpg,Q118__cd_58489_104.125946_30.63887939.jpg,images/Q118__cd_58489_104.125946_30.63887939.jpg,,CD,104.125946,30.63887939,19,True
Q119,CD_35462,cd_35462_104.047947415_30.7118266219.jpg,Q119__cd_35462_104.0479474_30.71182662.jpg,images/Q119__cd_35462_104.0479474_30.71182662.jpg,,CD,104.0479474,30.71182662,19,True
Q120,CD_54553,cd_54553_104.030220062_30.6533481221.jpg,Q120__cd_54553_104.0302201_30.65334812.jpg,images/Q120__cd_54553_104.0302201_30.65334812.jpg,,CD,104.0302201,30.65334812,19,True
Q121,CD_36521,cd_36521_104.032787959_30.716084001.jpg,Q121__cd_36521_104.032788_30.716084.jpg,images/Q121__cd_36521_104.032788_30.716084.jpg,,CD,104.032788,30.716084,19,True
Q122,CD_52702,cd_52702_104.04291415_30.626702001.jpg,Q122__cd_52702_104.0429142_30.626702.jpg,images/Q122__cd_52702_104.0429142_30.626702.jpg,,CD,104.0429142,30.626702,19,True
Q123,CD_466922,cd_466922_104.075930073_30.6144839762.jpg,Q123__cd_466922_104.0759301_30.61448398.jpg,images/Q123__cd_466922_104.0759301_30.61448398.jpg,,CD,104.0759301,30.61448398,20,True
Q124,CD_34722,cd_34722_104.100968725_30.6762040835.jpg,Q124__cd_34722_104.1009687_30.67620408.jpg,images/Q124__cd_34722_104.1009687_30.67620408.jpg,,CD,104.1009687,30.67620408,20,True
Q125,CD_471544,cd_471544_104.041709879_30.6430078202.jpg,Q125__cd_471544_104.0417099_30.64300782.jpg,images/Q125__cd_471544_104.0417099_30.64300782.jpg,,CD,104.0417099,30.64300782,20,True
Q126,CD_466972,cd_466972_104.101770313_30.5997686205.jpg,Q126__cd_466972_104.1017703_30.59976862.jpg,images/Q126__cd_466972_104.1017703_30.59976862.jpg,,CD,104.1017703,30.59976862,20,True
Q127,CD_466326,cd_466326_104.104615973_30.6056660778.jpg,Q127__cd_466326_104.104616_30.60566608.jpg,images/Q127__cd_466326_104.104616_30.60566608.jpg,,CD,104.104616,30.60566608,20,True
Q128,CD_468453,cd_468453_104.081580511_30.6259343199.jpg,Q128__cd_468453_104.0815805_30.62593432.jpg,images/Q128__cd_468453_104.0815805_30.62593432.jpg,,CD,104.0815805,30.62593432,20,True
Q129,CD_416996,cd_416996_104.069881994_30.6926730463.jpg,Q129__cd_416996_104.069882_30.69267305.jpg,images/Q129__cd_416996_104.069882_30.69267305.jpg,,CD,104.069882,30.69267305,20,True
Q130,CD_53326,cd_53326_104.110305833_30.6501347217.jpg,Q130__cd_53326_104.1103058_30.65013472.jpg,images/Q130__cd_53326_104.1103058_30.65013472.jpg,,CD,104.1103058,30.65013472,21,True
Q131,CD_53708,cd_53708_104.109622954_30.6451774082.jpg,Q131__cd_53708_104.109623_30.64517741.jpg,images/Q131__cd_53708_104.109623_30.64517741.jpg,,CD,104.109623,30.64517741,21,True
Q132,CD_476641,cd_476641_104.144748265_30.6365427071.jpg,Q132__cd_476641_104.1447483_30.63654271.jpg,images/Q132__cd_476641_104.1447483_30.63654271.jpg,,CD,104.1447483,30.63654271,21,True
Q133,CD_53656,cd_53656_104.11372432_30.6656959067.jpg,Q133__cd_53656_104.1137243_30.66569591.jpg,images/Q133__cd_53656_104.1137243_30.66569591.jpg,,CD,104.1137243,30.66569591,21,True
Q134,CD_50704,cd_50704_104.08836609_30.6085974612.jpg,Q134__cd_50704_104.0883661_30.60859746.jpg,images/Q134__cd_50704_104.0883661_30.60859746.jpg,,CD,104.0883661,30.60859746,21,True
Q135,CD_53642,cd_53642_104.112932085_30.666183592.jpg,Q135__cd_53642_104.1129321_30.66618359.jpg,images/Q135__cd_53642_104.1129321_30.66618359.jpg,,CD,104.1129321,30.66618359,21,True
Q136,CD_473389,cd_473389_104.062898355_30.6496985722.jpg,Q136__cd_473389_104.0628984_30.64969857.jpg,images/Q136__cd_473389_104.0628984_30.64969857.jpg,,CD,104.0628984,30.64969857,21,True
Q137,CD_222289,cd_222289_104.075044041_30.6004243025.jpg,Q137__cd_222289_104.075044_30.6004243.jpg,images/Q137__cd_222289_104.075044_30.6004243.jpg,,CD,104.075044,30.6004243,22,True
Q138,CD_53590,cd_53590_104.117109571_30.6532660052.jpg,Q138__cd_53590_104.1171096_30.65326601.jpg,images/Q138__cd_53590_104.1171096_30.65326601.jpg,,CD,104.1171096,30.65326601,22,True
Q139,CD_37532,cd_37532_104.001826633_30.6765247637.jpg,Q139__cd_37532_104.0018266_30.67652476.jpg,images/Q139__cd_37532_104.0018266_30.67652476.jpg,,CD,104.0018266,30.67652476,22,True
Q140,CD_54426,cd_54426_104.087312568_30.6426199268.jpg,Q140__cd_54426_104.0873126_30.64261993.jpg,images/Q140__cd_54426_104.0873126_30.64261993.jpg,,CD,104.0873126,30.64261993,22,True
Q141,CD_49995,cd_49995_104.060972528_30.6058869601.jpg,Q141__cd_49995_104.0609725_30.60588696.jpg,images/Q141__cd_49995_104.0609725_30.60588696.jpg,,CD,104.0609725,30.60588696,22,True
Q142,CD_33758,cd_33758_104.057918497_30.671543794.jpg,Q142__cd_33758_104.0579185_30.67154379.jpg,images/Q142__cd_33758_104.0579185_30.67154379.jpg,,CD,104.0579185,30.67154379,23,True
Q143,CD_51913,cd_51913_104.074857502_30.6149548575.jpg,Q143__cd_51913_104.0748575_30.61495486.jpg,images/Q143__cd_51913_104.0748575_30.61495486.jpg,,CD,104.0748575,30.61495486,23,True
Q144,CD_415899,cd_415899_104.047182009_30.6936871849.jpg,Q144__cd_415899_104.047182_30.69368718.jpg,images/Q144__cd_415899_104.047182_30.69368718.jpg,,CD,104.047182,30.69368718,23,True
Q145,CD_50591,cd_50591_104.075390569_30.6071012312.jpg,Q145__cd_50591_104.0753906_30.60710123.jpg,images/Q145__cd_50591_104.0753906_30.60710123.jpg,,CD,104.0753906,30.60710123,23,True
Q146,CD_33089,cd_33089_104.118893223_30.7136991348.jpg,Q146__cd_33089_104.1188932_30.71369913.jpg,images/Q146__cd_33089_104.1188932_30.71369913.jpg,,CD,104.1188932,30.71369913,24,True
Q147,CD_411845,cd_411845_104.094877174_30.7017056757.jpg,Q147__cd_411845_104.0948772_30.70170568.jpg,images/Q147__cd_411845_104.0948772_30.70170568.jpg,,CD,104.0948772,30.70170568,24,True
Q148,CD_36662,cd_36662_104.008501666_30.6982431057.jpg,Q148__cd_36662_104.0085017_30.69824311.jpg,images/Q148__cd_36662_104.0085017_30.69824311.jpg,,CD,104.0085017,30.69824311,24,True
Q149,CD_413206,cd_413206_104.074660556_30.7219458978.jpg,Q149__cd_413206_104.0746606_30.7219459.jpg,images/Q149__cd_413206_104.0746606_30.7219459.jpg,,CD,104.0746606,30.7219459,24,True
Q150,CD_33046,cd_33046_104.107549761_30.7113173183.jpg,Q150__cd_33046_104.1075498_30.71131732.jpg,images/Q150__cd_33046_104.1075498_30.71131732.jpg,,CD,104.1075498,30.71131732,24,True
Q151,CQ_673121,cq_673121_106.513836_29.502859.jpg,Q151__cq_673121_106.513836_29.502859.jpg,images/Q151__cq_673121_106.513836_29.502859.jpg,,CQ,106.513836,29.502859,0,True
Q152,CQ_677050,cq_677050_106.516756_29.580284.jpg,Q152__cq_677050_106.516756_29.580284.jpg,images/Q152__cq_677050_106.516756_29.580284.jpg,,CQ,106.516756,29.580284,0,True
Q153,CQ_3307560,cq_3307560_106.486728_29.596466.jpg,Q153__cq_3307560_106.486728_29.596466.jpg,images/Q153__cq_3307560_106.486728_29.596466.jpg,,CQ,106.486728,29.596466,0,True
Q154,CQ_604294,cq_604294_106.453325_29.518473.jpg,Q154__cq_604294_106.453325_29.518473.jpg,images/Q154__cq_604294_106.453325_29.518473.jpg,,CQ,106.453325,29.518473,0,True
Q155,CQ_2436449,cq_2436449_106.550457_29.501851.jpg,Q155__cq_2436449_106.550457_29.501851.jpg,images/Q155__cq_2436449_106.550457_29.501851.jpg,,CQ,106.550457,29.501851,0,True
Q156,CQ_3394645,cq_3394645_106.568598_29.488040.jpg,Q156__cq_3394645_106.568598_29.48804.jpg,images/Q156__cq_3394645_106.568598_29.48804.jpg,,CQ,106.568598,29.48804,0,True
Q157,CQ_681395,cq_681395_106.519933_29.596233.jpg,Q157__cq_681395_106.519933_29.596233.jpg,images/Q157__cq_681395_106.519933_29.596233.jpg,,CQ,106.519933,29.596233,1,True
Q158,CQ_2432667,cq_2432667_106.519462_29.529151.jpg,Q158__cq_2432667_106.519462_29.529151.jpg,images/Q158__cq_2432667_106.519462_29.529151.jpg,,CQ,106.519462,29.529151,1,True
Q159,CQ_2423635,cq_2423635_106.473754_29.474413.jpg,Q159__cq_2423635_106.473754_29.474413.jpg,images/Q159__cq_2423635_106.473754_29.474413.jpg,,CQ,106.473754,29.474413,1,True
Q160,CQ_717204,cq_717204_106.559153_29.476584.jpg,Q160__cq_717204_106.559153_29.476584.jpg,images/Q160__cq_717204_106.559153_29.476584.jpg,,CQ,106.559153,29.476584,1,True
Q161,CQ_659951,cq_659951_106.499376_29.520677.jpg,Q161__cq_659951_106.499376_29.520677.jpg,images/Q161__cq_659951_106.499376_29.520677.jpg,,CQ,106.499376,29.520677,2,True
Q162,CQ_3175028,cq_3175028_106.498264_29.520379.jpg,Q162__cq_3175028_106.498264_29.520379.jpg,images/Q162__cq_3175028_106.498264_29.520379.jpg,,CQ,106.498264,29.520379,2,True
Q163,CQ_3304897,cq_3304897_106.520518_29.576565.jpg,Q163__cq_3304897_106.520518_29.576565.jpg,images/Q163__cq_3304897_106.520518_29.576565.jpg,,CQ,106.520518,29.576565,2,True
Q164,CQ_629422,cq_629422_106.479516_29.498419.jpg,Q164__cq_629422_106.479516_29.498419.jpg,images/Q164__cq_629422_106.479516_29.498419.jpg,,CQ,106.479516,29.498419,2,True
Q165,CQ_3306890,cq_3306890_106.498966_29.583597.jpg,Q165__cq_3306890_106.498966_29.583597.jpg,images/Q165__cq_3306890_106.498966_29.583597.jpg,,CQ,106.498966,29.583597,2,True
Q166,CQ_700951,cq_700951_106.542605_29.574302.jpg,Q166__cq_700951_106.542605_29.574302.jpg,images/Q166__cq_700951_106.542605_29.574302.jpg,,CQ,106.542605,29.574302,2,True
Q167,CQ_651518,cq_651518_106.491332_29.493510.jpg,Q167__cq_651518_106.491332_29.49351.jpg,images/Q167__cq_651518_106.491332_29.49351.jpg,,CQ,106.491332,29.49351,2,True
Q168,CQ_2431345,cq_2431345_106.562155_29.543268.jpg,Q168__cq_2431345_106.562155_29.543268.jpg,images/Q168__cq_2431345_106.562155_29.543268.jpg,,CQ,106.562155,29.543268,3,True
Q169,CQ_716083,cq_716083_106.559420_29.592271.jpg,Q169__cq_716083_106.55942_29.592271.jpg,images/Q169__cq_716083_106.55942_29.592271.jpg,,CQ,106.55942,29.592271,3,True
Q170,CQ_598903,cq_598903_106.465446_29.574058.jpg,Q170__cq_598903_106.465446_29.574058.jpg,images/Q170__cq_598903_106.465446_29.574058.jpg,,CQ,106.465446,29.574058,3,True
Q171,CQ_3503902,cq_3503902_106.437673_29.520333.jpg,Q171__cq_3503902_106.437673_29.520333.jpg,images/Q171__cq_3503902_106.437673_29.520333.jpg,,CQ,106.437673,29.520333,3,True
Q172,CQ_628612,cq_628612_106.475267_29.601132.jpg,Q172__cq_628612_106.475267_29.601132.jpg,images/Q172__cq_628612_106.475267_29.601132.jpg,,CQ,106.475267,29.601132,3,True
Q173,CQ_3150921,cq_3150921_106.482799_29.518016.jpg,Q173__cq_3150921_106.482799_29.518016.jpg,images/Q173__cq_3150921_106.482799_29.518016.jpg,,CQ,106.482799,29.518016,3,True
Q174,CQ_3369353,cq_3369353_106.549098_29.416348.jpg,Q174__cq_3369353_106.549098_29.416348.jpg,images/Q174__cq_3369353_106.549098_29.416348.jpg,,CQ,106.549098,29.416348,3,True
Q175,CQ_712142,cq_712142_106.559725_29.556077.jpg,Q175__cq_712142_106.559725_29.556077.jpg,images/Q175__cq_712142_106.559725_29.556077.jpg,,CQ,106.559725,29.556077,4,True
Q176,CQ_3420983,cq_3420983_106.527629_29.489219.jpg,Q176__cq_3420983_106.527629_29.489219.jpg,images/Q176__cq_3420983_106.527629_29.489219.jpg,,CQ,106.527629,29.489219,4,True
Q177,CQ_603702,cq_603702_106.462833_29.555535.jpg,Q177__cq_603702_106.462833_29.555535.jpg,images/Q177__cq_603702_106.462833_29.555535.jpg,,CQ,106.462833,29.555535,4,True
Q178,CQ_2834479,cq_2834479_106.458314_29.564702.jpg,Q178__cq_2834479_106.458314_29.564702.jpg,images/Q178__cq_2834479_106.458314_29.564702.jpg,,CQ,106.458314,29.564702,4,True
Q179,CQ_663080,cq_663080_106.508601_29.573681.jpg,Q179__cq_663080_106.508601_29.573681.jpg,images/Q179__cq_663080_106.508601_29.573681.jpg,,CQ,106.508601,29.573681,4,True
Q180,CQ_681464,cq_681464_106.522277_29.596559.jpg,Q180__cq_681464_106.522277_29.596559.jpg,images/Q180__cq_681464_106.522277_29.596559.jpg,,CQ,106.522277,29.596559,5,True
Q181,CQ_672500,cq_672500_106.513013_29.551711.jpg,Q181__cq_672500_106.513013_29.551711.jpg,images/Q181__cq_672500_106.513013_29.551711.jpg,,CQ,106.513013,29.551711,5,True
Q182,CQ_686412,cq_686412_106.529075_29.558449.jpg,Q182__cq_686412_106.529075_29.558449.jpg,images/Q182__cq_686412_106.529075_29.558449.jpg,,CQ,106.529075,29.558449,5,True
Q183,CQ_3307270,cq_3307270_106.492073_29.607674.jpg,Q183__cq_3307270_106.492073_29.607674.jpg,images/Q183__cq_3307270_106.492073_29.607674.jpg,,CQ,106.492073,29.607674,5,True
Q184,CQ_663855,cq_663855_106.509428_29.531565.jpg,Q184__cq_663855_106.509428_29.531565.jpg,images/Q184__cq_663855_106.509428_29.531565.jpg,,CQ,106.509428,29.531565,5,True
Q185,CQ_629147,cq_629147_106.479690_29.530983.jpg,Q185__cq_629147_106.47969_29.530983.jpg,images/Q185__cq_629147_106.47969_29.530983.jpg,,CQ,106.47969,29.530983,5,True
Q186,CQ_3156669,cq_3156669_106.513286_29.519683.jpg,Q186__cq_3156669_106.513286_29.519683.jpg,images/Q186__cq_3156669_106.513286_29.519683.jpg,,CQ,106.513286,29.519683,5,True
Q187,CQ_753234,cq_753234_106.599227_29.511540.jpg,Q187__cq_753234_106.599227_29.51154.jpg,images/Q187__cq_753234_106.599227_29.51154.jpg,,CQ,106.599227,29.51154,6,True
Q188,CQ_3156715,cq_3156715_106.527555_29.490634.jpg,Q188__cq_3156715_106.527555_29.490634.jpg,images/Q188__cq_3156715_106.527555_29.490634.jpg,,CQ,106.527555,29.490634,6,True
Q189,CQ_3051595,cq_3051595_106.556943_29.483776.jpg,Q189__cq_3051595_106.556943_29.483776.jpg,images/Q189__cq_3051595_106.556943_29.483776.jpg,,CQ,106.556943,29.483776,6,True
Q190,CQ_650646,cq_650646_106.495917_29.561839.jpg,Q190__cq_650646_106.495917_29.561839.jpg,images/Q190__cq_650646_106.495917_29.561839.jpg,,CQ,106.495917,29.561839,6,True
Q191,CQ_662899,cq_662899_106.505107_29.593368.jpg,Q191__cq_662899_106.505107_29.593368.jpg,images/Q191__cq_662899_106.505107_29.593368.jpg,,CQ,106.505107,29.593368,6,True
Q192,CQ_3422609,cq_3422609_106.520835_29.616798.jpg,Q192__cq_3422609_106.520835_29.616798.jpg,images/Q192__cq_3422609_106.520835_29.616798.jpg,,CQ,106.520835,29.616798,7,True
Q193,CQ_3153485,cq_3153485_106.490185_29.486368.jpg,Q193__cq_3153485_106.490185_29.486368.jpg,images/Q193__cq_3153485_106.490185_29.486368.jpg,,CQ,106.490185,29.486368,7,True
Q194,CQ_2433375,cq_2433375_106.580511_29.585288.jpg,Q194__cq_2433375_106.580511_29.585288.jpg,images/Q194__cq_2433375_106.580511_29.585288.jpg,,CQ,106.580511,29.585288,7,True
Q195,CQ_640497,cq_640497_106.483639_29.529413.jpg,Q195__cq_640497_106.483639_29.529413.jpg,images/Q195__cq_640497_106.483639_29.529413.jpg,,CQ,106.483639,29.529413,8,True
Q196,CQ_628859,cq_628859_106.479986_29.567805.jpg,Q196__cq_628859_106.479986_29.567805.jpg,images/Q196__cq_628859_106.479986_29.567805.jpg,,CQ,106.479986,29.567805,8,True
Q197,CQ_3155321,cq_3155321_106.459387_29.483333.jpg,Q197__cq_3155321_106.459387_29.483333.jpg,images/Q197__cq_3155321_106.459387_29.483333.jpg,,CQ,106.459387,29.483333,8,True
Q198,CQ_594178,cq_594178_106.443707_29.556470.jpg,Q198__cq_594178_106.443707_29.55647.jpg,images/Q198__cq_594178_106.443707_29.55647.jpg,,CQ,106.443707,29.55647,8,True
Q199,CQ_3300264,cq_3300264_106.520665_29.526555.jpg,Q199__cq_3300264_106.520665_29.526555.jpg,images/Q199__cq_3300264_106.520665_29.526555.jpg,,CQ,106.520665,29.526555,8,True
Q200,CQ_711696,cq_711696_106.555049_29.600416.jpg,Q200__cq_711696_106.555049_29.600416.jpg,images/Q200__cq_711696_106.555049_29.600416.jpg,,CQ,106.555049,29.600416,8,True
Q201,CQ_650439,cq_650439_106.493302_29.578158.jpg,Q201__cq_650439_106.493302_29.578158.jpg,images/Q201__cq_650439_106.493302_29.578158.jpg,,CQ,106.493302,29.578158,22,True
Q202,CQ_2433664,cq_2433664_106.491125_29.537488.jpg,Q202__cq_2433664_106.491125_29.537488.jpg,images/Q202__cq_2433664_106.491125_29.537488.jpg,,CQ,106.491125,29.537488,9,True
Q203,CQ_677877,cq_677877_106.516208_29.477576.jpg,Q203__cq_677877_106.516208_29.477576.jpg,images/Q203__cq_677877_106.516208_29.477576.jpg,,CQ,106.516208,29.477576,9,True
Q204,CQ_3279619,cq_3279619_106.536164_29.438594.jpg,Q204__cq_3279619_106.536164_29.438594.jpg,images/Q204__cq_3279619_106.536164_29.438594.jpg,,CQ,106.536164,29.438594,9,True
Q205,CQ_604263,cq_604263_106.455270_29.519213.jpg,Q205__cq_604263_106.45527_29.519213.jpg,images/Q205__cq_604263_106.45527_29.519213.jpg,,CQ,106.45527,29.519213,9,True
Q206,CQ_2795563,cq_2795563_106.525219_29.559032.jpg,Q206__cq_2795563_106.525219_29.559032.jpg,images/Q206__cq_2795563_106.525219_29.559032.jpg,,CQ,106.525219,29.559032,10,True
Q207,CQ_629392,cq_629392_106.478110_29.500918.jpg,Q207__cq_629392_106.47811_29.500918.jpg,images/Q207__cq_629392_106.47811_29.500918.jpg,,CQ,106.47811,29.500918,10,True
Q208,CQ_3151204,cq_3151204_106.472448_29.500761.jpg,Q208__cq_3151204_106.472448_29.500761.jpg,images/Q208__cq_3151204_106.472448_29.500761.jpg,,CQ,106.472448,29.500761,10,True
Q209,CQ_2913771,cq_2913771_106.506984_29.585227.jpg,Q209__cq_2913771_106.506984_29.585227.jpg,images/Q209__cq_2913771_106.506984_29.585227.jpg,,CQ,106.506984,29.585227,10,True
Q210,CQ_613575,cq_613575_106.460868_29.531170.jpg,Q210__cq_613575_106.460868_29.53117.jpg,images/Q210__cq_613575_106.460868_29.53117.jpg,,CQ,106.460868,29.53117,10,True
Q211,CQ_692838,cq_692838_106.535410_29.487416.jpg,Q211__cq_692838_106.53541_29.487416.jpg,images/Q211__cq_692838_106.53541_29.487416.jpg,,CQ,106.53541,29.487416,10,True
Q212,CQ_664018,cq_664018_106.502797_29.515364.jpg,Q212__cq_664018_106.502797_29.515364.jpg,images/Q212__cq_664018_106.502797_29.515364.jpg,,CQ,106.502797,29.515364,10,True
Q213,CQ_2433450,cq_2433450_106.459617_29.521065.jpg,Q213__cq_2433450_106.459617_29.521065.jpg,images/Q213__cq_2433450_106.459617_29.521065.jpg,,CQ,106.459617,29.521065,11,True
Q214,CQ_3424109,cq_3424109_106.489756_29.609363.jpg,Q214__cq_3424109_106.489756_29.609363.jpg,images/Q214__cq_3424109_106.489756_29.609363.jpg,,CQ,106.489756,29.609363,11,True
Q215,CQ_3506101,cq_3506101_106.500227_29.457823.jpg,Q215__cq_3506101_106.500227_29.457823.jpg,images/Q215__cq_3506101_106.500227_29.457823.jpg,,CQ,106.500227,29.457823,11,True
Q216,CQ_2432492,cq_2432492_106.574650_29.523836.jpg,Q216__cq_2432492_106.57465_29.523836.jpg,images/Q216__cq_2432492_106.57465_29.523836.jpg,,CQ,106.57465,29.523836,11,True
Q217,CQ_630060,cq_630060_106.475495_29.459301.jpg,Q217__cq_630060_106.475495_29.459301.jpg,images/Q217__cq_630060_106.475495_29.459301.jpg,,CQ,106.475495,29.459301,12,True
Q218,CQ_2913763,cq_2913763_106.514853_29.593525.jpg,Q218__cq_2913763_106.514853_29.593525.jpg,images/Q218__cq_2913763_106.514853_29.593525.jpg,,CQ,106.514853,29.593525,12,True
Q219,CQ_2913732,cq_2913732_106.525143_29.591695.jpg,Q219__cq_2913732_106.525143_29.591695.jpg,images/Q219__cq_2913732_106.525143_29.591695.jpg,,CQ,106.525143,29.591695,12,True
Q220,CQ_3146289,cq_3146289_106.476971_29.521411.jpg,Q220__cq_3146289_106.476971_29.521411.jpg,images/Q220__cq_3146289_106.476971_29.521411.jpg,,CQ,106.476971,29.521411,12,True
Q221,CQ_3155995,cq_3155995_106.466887_29.533157.jpg,Q221__cq_3155995_106.466887_29.533157.jpg,images/Q221__cq_3155995_106.466887_29.533157.jpg,,CQ,106.466887,29.533157,12,True
Q222,CQ_641201,cq_641201_106.482884_29.472298.jpg,Q222__cq_641201_106.482884_29.472298.jpg,images/Q222__cq_641201_106.482884_29.472298.jpg,,CQ,106.482884,29.472298,12,True
Q223,CQ_641113,cq_641113_106.482808_29.491264.jpg,Q223__cq_641113_106.482808_29.491264.jpg,images/Q223__cq_641113_106.482808_29.491264.jpg,,CQ,106.482808,29.491264,12,True
Q224,CQ_594542,cq_594542_106.441957_29.547073.jpg,Q224__cq_594542_106.441957_29.547073.jpg,images/Q224__cq_594542_106.441957_29.547073.jpg,,CQ,106.441957,29.547073,12,True
Q225,CQ_2923503,cq_2923503_106.549731_29.580781.jpg,Q225__cq_2923503_106.549731_29.580781.jpg,images/Q225__cq_2923503_106.549731_29.580781.jpg,,CQ,106.549731,29.580781,13,True
Q226,CQ_682242,cq_682242_106.523713_29.548025.jpg,Q226__cq_682242_106.523713_29.548025.jpg,images/Q226__cq_682242_106.523713_29.548025.jpg,,CQ,106.523713,29.548025,13,True
Q227,CQ_711484,cq_711484_106.555874_29.606762.jpg,Q227__cq_711484_106.555874_29.606762.jpg,images/Q227__cq_711484_106.555874_29.606762.jpg,,CQ,106.555874,29.606762,13,True
Q228,CQ_726199,cq_726199_106.570199_29.492567.jpg,Q228__cq_726199_106.570199_29.492567.jpg,images/Q228__cq_726199_106.570199_29.492567.jpg,,CQ,106.570199,29.492567,13,True
Q229,CQ_594890,cq_594890_106.443008_29.508808.jpg,Q229__cq_594890_106.443008_29.508808.jpg,images/Q229__cq_594890_106.443008_29.508808.jpg,,CQ,106.443008,29.508808,13,True
Q230,CQ_640884,cq_640884_106.484601_29.516150.jpg,Q230__cq_640884_106.484601_29.51615.jpg,images/Q230__cq_640884_106.484601_29.51615.jpg,,CQ,106.484601,29.51615,13,True
Q231,CQ_647576,cq_647576_106.487660_29.501759.jpg,Q231__cq_647576_106.48766_29.501759.jpg,images/Q231__cq_647576_106.48766_29.501759.jpg,,CQ,106.48766,29.501759,14,True
Q232,CQ_624784,cq_624784_106.475028_29.508645.jpg,Q232__cq_624784_106.475028_29.508645.jpg,images/Q232__cq_624784_106.475028_29.508645.jpg,,CQ,106.475028,29.508645,14,True
Q233,CQ_673067,cq_673067_106.512380_29.505796.jpg,Q233__cq_673067_106.51238_29.505796.jpg,images/Q233__cq_673067_106.51238_29.505796.jpg,,CQ,106.51238,29.505796,14,True
Q234,CQ_711876,cq_711876_106.558600_29.586412.jpg,Q234__cq_711876_106.5586_29.586412.jpg,images/Q234__cq_711876_106.5586_29.586412.jpg,,CQ,106.5586,29.586412,14,True
Q235,CQ_3161447,cq_3161447_106.532064_29.500991.jpg,Q235__cq_3161447_106.532064_29.500991.jpg,images/Q235__cq_3161447_106.532064_29.500991.jpg,,CQ,106.532064,29.500991,14,True
Q236,CQ_624797,cq_624797_106.473049_29.506592.jpg,Q236__cq_624797_106.473049_29.506592.jpg,images/Q236__cq_624797_106.473049_29.506592.jpg,,CQ,106.473049,29.506592,14,True
Q237,CQ_3426144,cq_3426144_106.486124_29.526742.jpg,Q237__cq_3426144_106.486124_29.526742.jpg,images/Q237__cq_3426144_106.486124_29.526742.jpg,,CQ,106.486124,29.526742,15,True
Q238,CQ_3306470,cq_3306470_106.554471_29.605218.jpg,Q238__cq_3306470_106.554471_29.605218.jpg,images/Q238__cq_3306470_106.554471_29.605218.jpg,,CQ,106.554471,29.605218,15,True
Q239,CQ_3160428,cq_3160428_106.453085_29.552264.jpg,Q239__cq_3160428_106.453085_29.552264.jpg,images/Q239__cq_3160428_106.453085_29.552264.jpg,,CQ,106.453085,29.552264,15,True
Q240,CQ_629489,cq_629489_106.478800_29.498056.jpg,Q240__cq_629489_106.4788_29.498056.jpg,images/Q240__cq_629489_106.4788_29.498056.jpg,,CQ,106.4788,29.498056,15,True
Q241,CQ_682474,cq_682474_106.522254_29.532978.jpg,Q241__cq_682474_106.522254_29.532978.jpg,images/Q241__cq_682474_106.522254_29.532978.jpg,,CQ,106.522254,29.532978,15,True
Q242,CQ_3162374,cq_3162374_106.454420_29.553218.jpg,Q242__cq_3162374_106.45442_29.553218.jpg,images/Q242__cq_3162374_106.45442_29.553218.jpg,,CQ,106.45442,29.553218,15,True
Q243,CQ_681554,cq_681554_106.520744_29.590314.jpg,Q243__cq_681554_106.520744_29.590314.jpg,images/Q243__cq_681554_106.520744_29.590314.jpg,,CQ,106.520744,29.590314,15,True
Q244,CQ_732695,cq_732695_106.583952_29.537571.jpg,Q244__cq_732695_106.583952_29.537571.jpg,images/Q244__cq_732695_106.583952_29.537571.jpg,,CQ,106.583952,29.537571,15,True
Q245,CQ_3153404,cq_3153404_106.453575_29.538531.jpg,Q245__cq_3153404_106.453575_29.538531.jpg,images/Q245__cq_3153404_106.453575_29.538531.jpg,,CQ,106.453575,29.538531,16,True
Q246,CQ_3304879,cq_3304879_106.527284_29.572082.jpg,Q246__cq_3304879_106.527284_29.572082.jpg,images/Q246__cq_3304879_106.527284_29.572082.jpg,,CQ,106.527284,29.572082,16,True
Q247,CQ_599182,cq_599182_106.450120_29.560037.jpg,Q247__cq_599182_106.45012_29.560037.jpg,images/Q247__cq_599182_106.45012_29.560037.jpg,,CQ,106.45012,29.560037,16,True
Q248,CQ_3161151,cq_3161151_106.497209_29.530996.jpg,Q248__cq_3161151_106.497209_29.530996.jpg,images/Q248__cq_3161151_106.497209_29.530996.jpg,,CQ,106.497209,29.530996,16,True
Q249,CQ_651038,cq_651038_106.492391_29.520247.jpg,Q249__cq_651038_106.492391_29.520247.jpg,images/Q249__cq_651038_106.492391_29.520247.jpg,,CQ,106.492391,29.520247,16,True
Q250,CQ_629645,cq_629645_106.480273_29.489952.jpg,Q250__cq_629645_106.480273_29.489952.jpg,images/Q250__cq_629645_106.480273_29.489952.jpg,,CQ,106.480273,29.489952,16,True
Q251,CQ_3160737,cq_3160737_106.529204_29.494881.jpg,Q251__cq_3160737_106.529204_29.494881.jpg,images/Q251__cq_3160737_106.529204_29.494881.jpg,,CQ,106.529204,29.494881,16,True
Q252,CQ_659408,cq_659408_106.501148_29.585392.jpg,Q252__cq_659408_106.501148_29.585392.jpg,images/Q252__cq_659408_106.501148_29.585392.jpg,,CQ,106.501148,29.585392,17,True
Q253,CQ_2431841,cq_2431841_106.553052_29.522119.jpg,Q253__cq_2431841_106.553052_29.522119.jpg,images/Q253__cq_2431841_106.553052_29.522119.jpg,,CQ,106.553052,29.522119,17,True
Q254,CQ_676998,cq_676998_106.518937_29.584998.jpg,Q254__cq_676998_106.518937_29.584998.jpg,images/Q254__cq_676998_106.518937_29.584998.jpg,,CQ,106.518937,29.584998,17,True
Q255,CQ_2434440,cq_2434440_106.541947_29.576071.jpg,Q255__cq_2434440_106.541947_29.576071.jpg,images/Q255__cq_2434440_106.541947_29.576071.jpg,,CQ,106.541947,29.576071,17,True
Q256,CQ_2423599,cq_2423599_106.473811_29.489111.jpg,Q256__cq_2423599_106.473811_29.489111.jpg,images/Q256__cq_2423599_106.473811_29.489111.jpg,,CQ,106.473811,29.489111,18,True
Q257,CQ_2431228,cq_2431228_106.534125_29.424309.jpg,Q257__cq_2431228_106.534125_29.424309.jpg,images/Q257__cq_2431228_106.534125_29.424309.jpg,,CQ,106.534125,29.424309,18,True
Q258,CQ_594865,cq_594865_106.450709_29.504638.jpg,Q258__cq_594865_106.450709_29.504638.jpg,images/Q258__cq_594865_106.450709_29.504638.jpg,,CQ,106.450709,29.504638,18,True
Q259,CQ_659574,cq_659574_106.499877_29.570222.jpg,Q259__cq_659574_106.499877_29.570222.jpg,images/Q259__cq_659574_106.499877_29.570222.jpg,,CQ,106.499877,29.570222,18,True
Q260,CQ_650886,cq_650886_106.494986_29.534104.jpg,Q260__cq_650886_106.494986_29.534104.jpg,images/Q260__cq_650886_106.494986_29.534104.jpg,,CQ,106.494986,29.534104,18,True
Q261,CQ_604729,cq_604729_106.464430_29.487771.jpg,Q261__cq_604729_106.46443_29.487771.jpg,images/Q261__cq_604729_106.46443_29.487771.jpg,,CQ,106.46443,29.487771,18,True
Q262,CQ_3204227,cq_3204227_106.524088_29.471751.jpg,Q262__cq_3204227_106.524088_29.471751.jpg,images/Q262__cq_3204227_106.524088_29.471751.jpg,,CQ,106.524088,29.471751,19,True
Q263,CQ_2825937,cq_2825937_106.505893_29.527433.jpg,Q263__cq_2825937_106.505893_29.527433.jpg,images/Q263__cq_2825937_106.505893_29.527433.jpg,,CQ,106.505893,29.527433,19,True
Q264,CQ_2423343,cq_2423343_106.496553_29.505622.jpg,Q264__cq_2423343_106.496553_29.505622.jpg,images/Q264__cq_2423343_106.496553_29.505622.jpg,,CQ,106.496553,29.505622,19,True
Q265,CQ_3304530,cq_3304530_106.529176_29.592713.jpg,Q265__cq_3304530_106.529176_29.592713.jpg,images/Q265__cq_3304530_106.529176_29.592713.jpg,,CQ,106.529176,29.592713,19,True
Q266,CQ_3203837,cq_3203837_106.526698_29.464938.jpg,Q266__cq_3203837_106.526698_29.464938.jpg,images/Q266__cq_3203837_106.526698_29.464938.jpg,,CQ,106.526698,29.464938,19,True
Q267,CQ_3304439,cq_3304439_106.496480_29.596108.jpg,Q267__cq_3304439_106.49648_29.596108.jpg,images/Q267__cq_3304439_106.49648_29.596108.jpg,,CQ,106.49648,29.596108,19,True
Q268,CQ_740185,cq_740185_106.585088_29.546986.jpg,Q268__cq_740185_106.585088_29.546986.jpg,images/Q268__cq_740185_106.585088_29.546986.jpg,,CQ,106.585088,29.546986,20,True
Q269,CQ_3306780,cq_3306780_106.522286_29.577289.jpg,Q269__cq_3306780_106.522286_29.577289.jpg,images/Q269__cq_3306780_106.522286_29.577289.jpg,,CQ,106.522286,29.577289,20,True
Q270,CQ_663250,cq_663250_106.499369_29.553524.jpg,Q270__cq_663250_106.499369_29.553524.jpg,images/Q270__cq_663250_106.499369_29.553524.jpg,,CQ,106.499369,29.553524,20,True
Q271,CQ_671927,cq_671927_106.508117_29.612095.jpg,Q271__cq_671927_106.508117_29.612095.jpg,images/Q271__cq_671927_106.508117_29.612095.jpg,,CQ,106.508117,29.612095,20,True
Q272,CQ_673016,cq_673016_106.512243_29.510020.jpg,Q272__cq_673016_106.512243_29.51002.jpg,images/Q272__cq_673016_106.512243_29.51002.jpg,,CQ,106.512243,29.51002,20,True
Q273,CQ_705334,cq_705334_106.547989_29.555709.jpg,Q273__cq_705334_106.547989_29.555709.jpg,images/Q273__cq_705334_106.547989_29.555709.jpg,,CQ,106.547989,29.555709,20,True
Q274,CQ_676632,cq_676632_106.517693_29.609778.jpg,Q274__cq_676632_106.517693_29.609778.jpg,images/Q274__cq_676632_106.517693_29.609778.jpg,,CQ,106.517693,29.609778,21,True
Q275,CQ_590490,cq_590490_106.448325_29.563993.jpg,Q275__cq_590490_106.448325_29.563993.jpg,images/Q275__cq_590490_106.448325_29.563993.jpg,,CQ,106.448325,29.563993,21,True
Q276,CQ_2423415,cq_2423415_106.488580_29.519282.jpg,Q276__cq_2423415_106.48858_29.519282.jpg,images/Q276__cq_2423415_106.48858_29.519282.jpg,,CQ,106.48858,29.519282,21,True
Q277,CQ_677376,cq_677376_106.518011_29.534250.jpg,Q277__cq_677376_106.518011_29.53425.jpg,images/Q277__cq_677376_106.518011_29.53425.jpg,,CQ,106.518011,29.53425,21,True
Q278,CQ_3421661,cq_3421661_106.572132_29.588066.jpg,Q278__cq_3421661_106.572132_29.588066.jpg,images/Q278__cq_3421661_106.572132_29.588066.jpg,,CQ,106.572132,29.588066,21,True
Q279,CQ_3379640,cq_3379640_106.542288_29.426570.jpg,Q279__cq_3379640_106.542288_29.42657.jpg,images/Q279__cq_3379640_106.542288_29.42657.jpg,,CQ,106.542288,29.42657,21,True
Q280,CQ_3423261,cq_3423261_106.552507_29.521293.jpg,Q280__cq_3423261_106.552507_29.521293.jpg,images/Q280__cq_3423261_106.552507_29.521293.jpg,,CQ,106.552507,29.521293,22,True
Q281,CQ_3153415,cq_3153415_106.467213_29.525643.jpg,Q281__cq_3153415_106.467213_29.525643.jpg,images/Q281__cq_3153415_106.467213_29.525643.jpg,,CQ,106.467213,29.525643,22,True
Q282,CQ_629049,cq_629049_106.476778_29.545423.jpg,Q282__cq_629049_106.476778_29.545423.jpg,images/Q282__cq_629049_106.476778_29.545423.jpg,,CQ,106.476778,29.545423,22,True
Q283,CQ_3283781,cq_3283781_106.546381_29.458856.jpg,Q283__cq_3283781_106.546381_29.458856.jpg,images/Q283__cq_3283781_106.546381_29.458856.jpg,,CQ,106.546381,29.458856,22,True
Q284,CQ_3426844,cq_3426844_106.484603_29.510427.jpg,Q284__cq_3426844_106.484603_29.510427.jpg,images/Q284__cq_3426844_106.484603_29.510427.jpg,,CQ,106.484603,29.510427,22,True
Q285,CQ_692112,cq_692112_106.529400_29.588927.jpg,Q285__cq_692112_106.5294_29.588927.jpg,images/Q285__cq_692112_106.5294_29.588927.jpg,,CQ,106.5294,29.588927,22,True
Q286,CQ_3158838,cq_3158838_106.500084_29.557742.jpg,Q286__cq_3158838_106.500084_29.557742.jpg,images/Q286__cq_3158838_106.500084_29.557742.jpg,,CQ,106.500084,29.557742,22,True
Q287,CQ_2435217,cq_2435217_106.522504_29.528578.jpg,Q287__cq_2435217_106.522504_29.528578.jpg,images/Q287__cq_2435217_106.522504_29.528578.jpg,,CQ,106.522504,29.528578,22,True
Q288,CQ_2913952,cq_2913952_106.524558_29.598872.jpg,Q288__cq_2913952_106.524558_29.598872.jpg,images/Q288__cq_2913952_106.524558_29.598872.jpg,,CQ,106.524558,29.598872,23,True
Q289,CQ_3157333,cq_3157333_106.489529_29.508582.jpg,Q289__cq_3157333_106.489529_29.508582.jpg,images/Q289__cq_3157333_106.489529_29.508582.jpg,,CQ,106.489529,29.508582,23,True
Q290,CQ_676676,cq_676676_106.520460_29.607534.jpg,Q290__cq_676676_106.52046_29.607534.jpg,images/Q290__cq_676676_106.52046_29.607534.jpg,,CQ,106.52046,29.607534,23,True
Q291,CQ_739901,cq_739901_106.586661_29.582071.jpg,Q291__cq_739901_106.586661_29.582071.jpg,images/Q291__cq_739901_106.586661_29.582071.jpg,,CQ,106.586661,29.582071,23,True
Q292,CQ_3160754,cq_3160754_106.500881_29.512229.jpg,Q292__cq_3160754_106.500881_29.512229.jpg,images/Q292__cq_3160754_106.500881_29.512229.jpg,,CQ,106.500881,29.512229,23,True
Q293,CQ_659323,cq_659323_106.502322_29.580491.jpg,Q293__cq_659323_106.502322_29.580491.jpg,images/Q293__cq_659323_106.502322_29.580491.jpg,,CQ,106.502322,29.580491,23,True
Q294,CQ_664139,cq_664139_106.505222_29.503452.jpg,Q294__cq_664139_106.505222_29.503452.jpg,images/Q294__cq_664139_106.505222_29.503452.jpg,,CQ,106.505222,29.503452,23,True
Q295,CQ_2430651,cq_2430651_106.510795_29.560605.jpg,Q295__cq_2430651_106.510795_29.560605.jpg,images/Q295__cq_2430651_106.510795_29.560605.jpg,,CQ,106.510795,29.560605,24,True
Q296,CQ_2433799,cq_2433799_106.546909_29.618792.jpg,Q296__cq_2433799_106.546909_29.618792.jpg,images/Q296__cq_2433799_106.546909_29.618792.jpg,,CQ,106.546909,29.618792,24,True
Q297,CQ_681507,cq_681507_106.521612_29.595666.jpg,Q297__cq_681507_106.521612_29.595666.jpg,images/Q297__cq_681507_106.521612_29.595666.jpg,,CQ,106.521612,29.595666,24,True
Q298,CQ_695705,cq_695705_106.538549_29.616615.jpg,Q298__cq_695705_106.538549_29.616615.jpg,images/Q298__cq_695705_106.538549_29.616615.jpg,,CQ,106.538549,29.616615,24,True
Q299,CQ_2924023,cq_2924023_106.562352_29.575547.jpg,Q299__cq_2924023_106.562352_29.575547.jpg,images/Q299__cq_2924023_106.562352_29.575547.jpg,,CQ,106.562352,29.575547,24,True
Q300,CQ_700764,cq_700764_106.546749_29.586232.jpg,Q300__cq_700764_106.546749_29.586232.jpg,images/Q300__cq_700764_106.546749_29.586232.jpg,,CQ,106.546749,29.586232,24,True
Q301,CD_36830,cd_36830_104.022551055_30.7027058792.jpg,Q301__cd_36830_104.0225511_30.70270588.jpg,images/Q301__cd_36830_104.0225511_30.70270588.jpg,,CD,104.0225511,30.70270588,0,True
Q302,CD_37492,cd_37492_104.058622652_30.6736787694.jpg,Q302__cd_37492_104.0586227_30.67367877.jpg,images/Q302__cd_37492_104.0586227_30.67367877.jpg,,CD,104.0586227,30.67367877,0,True
Q303,CD_471458,cd_471458_104.07356168_30.6337024584.jpg,Q303__cd_471458_104.0735617_30.63370246.jpg,images/Q303__cd_471458_104.0735617_30.63370246.jpg,,CD,104.0735617,30.63370246,0,True
Q304,CD_36089,cd_36089_104.03978214_30.7174060972.jpg,Q304__cd_36089_104.0397821_30.7174061.jpg,images/Q304__cd_36089_104.0397821_30.7174061.jpg,,CD,104.0397821,30.7174061,0,True
Q305,CD_414559,cd_414559_104.037921408_30.6770388198.jpg,Q305__cd_414559_104.0379214_30.67703882.jpg,images/Q305__cd_414559_104.0379214_30.67703882.jpg,,CD,104.0379214,30.67703882,1,True
Q306,CD_222700,cd_222700_104.093970078_30.6250204421.jpg,Q306__cd_222700_104.0939701_30.62502044.jpg,images/Q306__cd_222700_104.0939701_30.62502044.jpg,,CD,104.0939701,30.62502044,1,True
Q307,CD_52207,cd_52207_104.108719223_30.6459240198.jpg,Q307__cd_52207_104.1087192_30.64592402.jpg,images/Q307__cd_52207_104.1087192_30.64592402.jpg,,CD,104.1087192,30.64592402,1,True
Q308,CD_220860,cd_220860_104.104708562_30.6799480779.jpg,Q308__cd_220860_104.1047086_30.67994808.jpg,images/Q308__cd_220860_104.1047086_30.67994808.jpg,,CD,104.1047086,30.67994808,1,True
Q309,CD_32132,cd_32132_104.065636521_30.7265344672.jpg,Q309__cd_32132_104.0656365_30.72653447.jpg,images/Q309__cd_32132_104.0656365_30.72653447.jpg,,CD,104.0656365,30.72653447,1,True
Q310,CD_220892,cd_220892_104.093647277_30.6909907817.jpg,Q310__cd_220892_104.0936473_30.69099078.jpg,images/Q310__cd_220892_104.0936473_30.69099078.jpg,,CD,104.0936473,30.69099078,1,True
Q311,CD_469931,cd_469931_104.038650081_30.6307532916.jpg,Q311__cd_469931_104.0386501_30.63075329.jpg,images/Q311__cd_469931_104.0386501_30.63075329.jpg,,CD,104.0386501,30.63075329,2,True
Q312,CD_422122,cd_422122_104.069569012_30.6724098291.jpg,Q312__cd_422122_104.069569_30.67240983.jpg,images/Q312__cd_422122_104.069569_30.67240983.jpg,,CD,104.069569,30.67240983,2,True
Q313,CD_417602,cd_417602_104.021065373_30.6798943275.jpg,Q313__cd_417602_104.0210654_30.67989433.jpg,images/Q313__cd_417602_104.0210654_30.67989433.jpg,,CD,104.0210654,30.67989433,2,True
Q314,CD_53622,cd_53622_104.108593564_30.6461879333.jpg,Q314__cd_53622_104.1085936_30.64618793.jpg,images/Q314__cd_53622_104.1085936_30.64618793.jpg,,CD,104.1085936,30.64618793,3,True
Q315,CD_55716,cd_55716_104.058195817_30.6600679427.jpg,Q315__cd_55716_104.0581958_30.66006794.jpg,images/Q315__cd_55716_104.0581958_30.66006794.jpg,,CD,104.0581958,30.66006794,4,True
Q316,CD_36855,cd_36855_104.00753703_30.6754269132.jpg,Q316__cd_36855_104.007537_30.67542691.jpg,images/Q316__cd_36855_104.007537_30.67542691.jpg,,CD,104.007537,30.67542691,4,True
Q317,CD_49691,cd_49691_104.058078632_30.605989997.jpg,Q317__cd_49691_104.0580786_30.60599.jpg,images/Q317__cd_49691_104.0580786_30.60599.jpg,,CD,104.0580786,30.60599,5,True
Q318,CD_52797,cd_52797_104.064673011_30.6170808111.jpg,Q318__cd_52797_104.064673_30.61708081.jpg,images/Q318__cd_52797_104.064673_30.61708081.jpg,,CD,104.064673,30.61708081,5,True
Q319,CD_34347,cd_34347_104.04851778_30.6927413455.jpg,Q319__cd_34347_104.0485178_30.69274135.jpg,images/Q319__cd_34347_104.0485178_30.69274135.jpg,,CD,104.0485178,30.69274135,5,True
Q320,CD_54277,cd_54277_104.096069164_30.6454382642.jpg,Q320__cd_54277_104.0960692_30.64543826.jpg,images/Q320__cd_54277_104.0960692_30.64543826.jpg,,CD,104.0960692,30.64543826,5,True
Q321,CD_55512,cd_55512_104.06094697_30.6542085684.jpg,Q321__cd_55512_104.060947_30.65420857.jpg,images/Q321__cd_55512_104.060947_30.65420857.jpg,,CD,104.060947,30.65420857,5,True
Q322,CD_479894,cd_479894_104.138996494_30.6601795443.jpg,Q322__cd_479894_104.1389965_30.66017954.jpg,images/Q322__cd_479894_104.1389965_30.66017954.jpg,,CD,104.1389965,30.66017954,6,True
Q323,CD_465763,cd_465763_104.021509197_30.6157794791.jpg,Q323__cd_465763_104.0215092_30.61577948.jpg,images/Q323__cd_465763_104.0215092_30.61577948.jpg,,CD,104.0215092,30.61577948,6,True
Q324,CD_423690,cd_423690_104.141347363_30.6786234653.jpg,Q324__cd_423690_104.1413474_30.67862347.jpg,images/Q324__cd_423690_104.1413474_30.67862347.jpg,,CD,104.1413474,30.67862347,6,True
Q325,CD_464996,cd_464996_104.015599305_30.6290474208.jpg,Q325__cd_464996_104.0155993_30.62904742.jpg,images/Q325__cd_464996_104.0155993_30.62904742.jpg,,CD,104.0155993,30.62904742,6,True
Q326,CD_243538,cd_243538_104.157177399_30.6713304575.jpg,Q326__cd_243538_104.1571774_30.67133046.jpg,images/Q326__cd_243538_104.1571774_30.67133046.jpg,,CD,104.1571774,30.67133046,7,True
Q327,CD_237755,cd_237755_104.037391334_30.6178264002.jpg,Q327__cd_237755_104.0373913_30.6178264.jpg,images/Q327__cd_237755_104.0373913_30.6178264.jpg,,CD,104.0373913,30.6178264,7,True
Q328,CD_221407,cd_221407_104.024246008_30.7125473624.jpg,Q328__cd_221407_104.024246_30.71254736.jpg,images/Q328__cd_221407_104.024246_30.71254736.jpg,,CD,104.024246,30.71254736,7,True
Q329,CD_468217,cd_468217_104.075437348_30.6056484152.jpg,Q329__cd_468217_104.0754373_30.60564842.jpg,images/Q329__cd_468217_104.0754373_30.60564842.jpg,,CD,104.0754373,30.60564842,7,True
Q330,CD_50706,cd_50706_104.087323612_30.6086853265.jpg,Q330__cd_50706_104.0873236_30.60868533.jpg,images/Q330__cd_50706_104.0873236_30.60868533.jpg,,CD,104.0873236,30.60868533,7,True
Q331,CD_243994,cd_243994_104.15460404_30.670958518.jpg,Q331__cd_243994_104.154604_30.67095852.jpg,images/Q331__cd_243994_104.154604_30.67095852.jpg,,CD,104.154604,30.67095852,7,True
Q332,CD_472983,cd_472983_104.08596559_30.654109273.jpg,Q332__cd_472983_104.0859656_30.65410927.jpg,images/Q332__cd_472983_104.0859656_30.65410927.jpg,,CD,104.0859656,30.65410927,8,True
Q333,CD_29423,cd_29423_103.988430885_30.6683049659.jpg,Q333__cd_29423_103.9884309_30.66830497.jpg,images/Q333__cd_29423_103.9884309_30.66830497.jpg,,CD,103.9884309,30.66830497,8,True
Q334,CD_417311,cd_417311_104.119568262_30.6771390755.jpg,Q334__cd_417311_104.1195683_30.67713908.jpg,images/Q334__cd_417311_104.1195683_30.67713908.jpg,,CD,104.1195683,30.67713908,8,True
Q335,CD_416380,cd_416380_104.106339169_30.6924077469.jpg,Q335__cd_416380_104.1063392_30.69240775.jpg,images/Q335__cd_416380_104.1063392_30.69240775.jpg,,CD,104.1063392,30.69240775,9,True
Q336,CD_33323,cd_33323_104.059245701_30.7233598327.jpg,Q336__cd_33323_104.0592457_30.72335983.jpg,images/Q336__cd_33323_104.0592457_30.72335983.jpg,,CD,104.0592457,30.72335983,9,True
Q337,CD_33792,cd_33792_104.052234927_30.681925555.jpg,Q337__cd_33792_104.0522349_30.68192556.jpg,images/Q337__cd_33792_104.0522349_30.68192556.jpg,,CD,104.0522349,30.68192556,9,True
Q338,CD_56970,cd_56970_104.128608968_30.6191551412.jpg,Q338__cd_56970_104.128609_30.61915514.jpg,images/Q338__cd_56970_104.128609_30.61915514.jpg,,CD,104.128609,30.61915514,9,True
Q339,CD_55461,cd_55461_104.064943484_30.6608549495.jpg,Q339__cd_55461_104.0649435_30.66085495.jpg,images/Q339__cd_55461_104.0649435_30.66085495.jpg,,CD,104.0649435,30.66085495,9,True
Q340,CD_58448,cd_58448_104.130142133_30.6241685463.jpg,Q340__cd_58448_104.1301421_30.62416855.jpg,images/Q340__cd_58448_104.1301421_30.62416855.jpg,,CD,104.1301421,30.62416855,9,True
Q341,CD_34028,cd_34028_104.077976676_30.6807318393.jpg,Q341__cd_34028_104.0779767_30.68073184.jpg,images/Q341__cd_34028_104.0779767_30.68073184.jpg,,CD,104.0779767,30.68073184,9,True
Q342,CD_420947,cd_420947_104.046583316_30.7069976033.jpg,Q342__cd_420947_104.0465833_30.7069976.jpg,images/Q342__cd_420947_104.0465833_30.7069976.jpg,,CD,104.0465833,30.7069976,10,True
Q343,CD_411640,cd_411640_104.091017997_30.7155168472.jpg,Q343__cd_411640_104.091018_30.71551685.jpg,images/Q343__cd_411640_104.091018_30.71551685.jpg,,CD,104.091018,30.71551685,10,True
Q344,CD_473638,cd_473638_104.057348821_30.6627984318.jpg,Q344__cd_473638_104.0573488_30.66279843.jpg,images/Q344__cd_473638_104.0573488_30.66279843.jpg,,CD,104.0573488,30.66279843,10,True
Q345,CD_411637,cd_411637_104.090313301_30.7165204116.jpg,Q345__cd_411637_104.0903133_30.71652041.jpg,images/Q345__cd_411637_104.0903133_30.71652041.jpg,,CD,104.0903133,30.71652041,10,True
Q346,CD_48629,cd_48629_104.006076184_30.656849523.jpg,Q346__cd_48629_104.0060762_30.65684952.jpg,images/Q346__cd_48629_104.0060762_30.65684952.jpg,,CD,104.0060762,30.65684952,11,True
Q347,CD_238069,cd_238069_104.033750788_30.6118423306.jpg,Q347__cd_238069_104.0337508_30.61184233.jpg,images/Q347__cd_238069_104.0337508_30.61184233.jpg,,CD,104.0337508,30.61184233,11,True
Q348,CD_49266,cd_49266_104.045732022_30.6012728236.jpg,Q348__cd_49266_104.045732_30.60127282.jpg,images/Q348__cd_49266_104.045732_30.60127282.jpg,,CD,104.045732,30.60127282,11,True
Q349,CD_52525,cd_52525_104.029491319_30.6377917141.jpg,Q349__cd_52525_104.0294913_30.63779171.jpg,images/Q349__cd_52525_104.0294913_30.63779171.jpg,,CD,104.0294913,30.63779171,11,True
Q350,CD_469044,cd_469044_104.106214138_30.6462167256.jpg,Q350__cd_469044_104.1062141_30.64621673.jpg,images/Q350__cd_469044_104.1062141_30.64621673.jpg,,CD,104.1062141,30.64621673,11,True
Q351,CD_469218,cd_469218_104.112492232_30.6384399423.jpg,Q351__cd_469218_104.1124922_30.63843994.jpg,images/Q351__cd_469218_104.1124922_30.63843994.jpg,,CD,104.1124922,30.63843994,12,True
Q352,CD_31002,cd_31002_103.997040103_30.6828820974.jpg,Q352__cd_31002_103.9970401_30.6828821.jpg,images/Q352__cd_31002_103.9970401_30.6828821.jpg,,CD,103.9970401,30.6828821,12,True
Q353,CD_47420,cd_47420_103.991627789_30.6662003291.jpg,Q353__cd_47420_103.9916278_30.66620033.jpg,images/Q353__cd_47420_103.9916278_30.66620033.jpg,,CD,103.9916278,30.66620033,12,True
Q354,CD_52364,cd_52364_104.122869654_30.6521128737.jpg,Q354__cd_52364_104.1228697_30.65211287.jpg,images/Q354__cd_52364_104.1228697_30.65211287.jpg,,CD,104.1228697,30.65211287,12,True
Q355,CD_454390,cd_454390_103.991860413_30.6587226577.jpg,Q355__cd_454390_103.9918604_30.65872266.jpg,images/Q355__cd_454390_103.9918604_30.65872266.jpg,,CD,103.9918604,30.65872266,13,True
Q356,CD_427583,cd_427583_104.151116124_30.7083543586.jpg,Q356__cd_427583_104.1511161_30.70835436.jpg,images/Q356__cd_427583_104.1511161_30.70835436.jpg,,CD,104.1511161,30.70835436,13,True
Q357,CD_469821,cd_469821_104.023121851_30.6354715265.jpg,Q357__cd_469821_104.0231219_30.63547153.jpg,images/Q357__cd_469821_104.0231219_30.63547153.jpg,,CD,104.0231219,30.63547153,14,True
Q358,CD_468050,cd_468050_104.062785976_30.6123407515.jpg,Q358__cd_468050_104.062786_30.61234075.jpg,images/Q358__cd_468050_104.062786_30.61234075.jpg,,CD,104.062786,30.61234075,14,True
Q359,CD_458508,cd_458508_103.996036671_30.6418990937.jpg,Q359__cd_458508_103.9960367_30.64189909.jpg,images/Q359__cd_458508_103.9960367_30.64189909.jpg,,CD,103.9960367,30.64189909,14,True
Q360,CD_416206,cd_416206_104.059703032_30.6988114869.jpg,Q360__cd_416206_104.059703_30.69881149.jpg,images/Q360__cd_416206_104.059703_30.69881149.jpg,,CD,104.059703,30.69881149,14,True
Q361,CD_54415,cd_54415_104.08375517_30.6409797317.jpg,Q361__cd_54415_104.0837552_30.64097973.jpg,images/Q361__cd_54415_104.0837552_30.64097973.jpg,,CD,104.0837552,30.64097973,15,True
Q362,CD_415365,cd_415365_104.075900984_30.6791210429.jpg,Q362__cd_415365_104.075901_30.67912104.jpg,images/Q362__cd_415365_104.075901_30.67912104.jpg,,CD,104.075901,30.67912104,15,True
Q363,CD_474086,cd_474086_104.075408778_30.6626196229.jpg,Q363__cd_474086_104.0754088_30.66261962.jpg,images/Q363__cd_474086_104.0754088_30.66261962.jpg,,CD,104.0754088,30.66261962,15,True
Q364,CD_96925,cd_96925_104.018380477_30.6934174921.jpg,Q364__cd_96925_104.0183805_30.69341749.jpg,images/Q364__cd_96925_104.0183805_30.69341749.jpg,,CD,104.0183805,30.69341749,16,True
Q365,CD_415303,cd_415303_104.079164458_30.6767804739.jpg,Q365__cd_415303_104.0791645_30.67678047.jpg,images/Q365__cd_415303_104.0791645_30.67678047.jpg,,CD,104.0791645,30.67678047,16,True
Q366,CD_412101,cd_412101_104.096517813_30.7182947395.jpg,Q366__cd_412101_104.0965178_30.71829474.jpg,images/Q366__cd_412101_104.0965178_30.71829474.jpg,,CD,104.0965178,30.71829474,16,True
Q367,CD_422077,cd_422077_104.079993698_30.6753113857.jpg,Q367__cd_422077_104.0799937_30.67531139.jpg,images/Q367__cd_422077_104.0799937_30.67531139.jpg,,CD,104.0799937,30.67531139,17,True
Q368,CD_52466,cd_52466_104.015818685_30.6525842012.jpg,Q368__cd_52466_104.0158187_30.6525842.jpg,images/Q368__cd_52466_104.0158187_30.6525842.jpg,,CD,104.0158187,30.6525842,17,True
Q369,CD_472435,cd_472435_104.057077969_30.6272412717.jpg,Q369__cd_472435_104.057078_30.62724127.jpg,images/Q369__cd_472435_104.057078_30.62724127.jpg,,CD,104.057078,30.62724127,17,True
Q370,CD_468425,cd_468425_104.103225055_30.6188987935.jpg,Q370__cd_468425_104.1032251_30.61889879.jpg,images/Q370__cd_468425_104.1032251_30.61889879.jpg,,CD,104.1032251,30.61889879,17,True
Q371,CD_405642,cd_405642_103.990054339_30.6750770558.jpg,Q371__cd_405642_103.9900543_30.67507706.jpg,images/Q371__cd_405642_103.9900543_30.67507706.jpg,,CD,103.9900543,30.67507706,17,True
Q372,CD_421737,cd_421737_104.037585324_30.6975504511.jpg,Q372__cd_421737_104.0375853_30.69755045.jpg,images/Q372__cd_421737_104.0375853_30.69755045.jpg,,CD,104.0375853,30.69755045,17,True
Q373,CD_421827,cd_421827_104.023592682_30.6983559724.jpg,Q373__cd_421827_104.0235927_30.69835597.jpg,images/Q373__cd_421827_104.0235927_30.69835597.jpg,,CD,104.0235927,30.69835597,17,True
Q374,CD_420749,cd_420749_104.042157706_30.69939995.jpg,Q374__cd_420749_104.0421577_30.69939995.jpg,images/Q374__cd_420749_104.0421577_30.69939995.jpg,,CD,104.0421577,30.69939995,17,True
Q375,CD_468274,cd_468274_104.108330599_30.6230436691.jpg,Q375__cd_468274_104.1083306_30.62304367.jpg,images/Q375__cd_468274_104.1083306_30.62304367.jpg,,CD,104.1083306,30.62304367,18,True
Q376,CD_464604,cd_464604_104.030244346_30.610585439.jpg,Q376__cd_464604_104.0302443_30.61058544.jpg,images/Q376__cd_464604_104.0302443_30.61058544.jpg,,CD,104.0302443,30.61058544,18,True
Q377,CD_35387,cd_35387_104.053089652_30.7280074162.jpg,Q377__cd_35387_104.0530897_30.72800742.jpg,images/Q377__cd_35387_104.0530897_30.72800742.jpg,,CD,104.0530897,30.72800742,18,True
Q378,CD_465340,cd_465340_104.02293054_30.6185049352.jpg,Q378__cd_465340_104.0229305_30.61850494.jpg,images/Q378__cd_465340_104.0229305_30.61850494.jpg,,CD,104.0229305,30.61850494,18,True
Q379,CD_411662,cd_411662_104.079179107_30.7118421661.jpg,Q379__cd_411662_104.0791791_30.71184217.jpg,images/Q379__cd_411662_104.0791791_30.71184217.jpg,,CD,104.0791791,30.71184217,18,True
Q380,CD_53554,cd_53554_104.116232474_30.6664164979.jpg,Q380__cd_53554_104.1162325_30.6664165.jpg,images/Q380__cd_53554_104.1162325_30.6664165.jpg,,CD,104.1162325,30.6664165,19,True
Q381,CD_411519,cd_411519_104.100307351_30.7037466643.jpg,Q381__cd_411519_104.1003074_30.70374666.jpg,images/Q381__cd_411519_104.1003074_30.70374666.jpg,,CD,104.1003074,30.70374666,19,True
Q382,CD_96564,cd_96564_103.998817304_30.6775792094.jpg,Q382__cd_96564_103.9988173_30.67757921.jpg,images/Q382__cd_96564_103.9988173_30.67757921.jpg,,CD,103.9988173,30.67757921,19,True
Q383,CD_480658,cd_480658_104.13678657_30.6396032985.jpg,Q383__cd_480658_104.1367866_30.6396033.jpg,images/Q383__cd_480658_104.1367866_30.6396033.jpg,,CD,104.1367866,30.6396033,19,True
Q384,CD_470973,cd_470973_104.084866784_30.6419854406.jpg,Q384__cd_470973_104.0848668_30.64198544.jpg,images/Q384__cd_470973_104.0848668_30.64198544.jpg,,CD,104.0848668,30.64198544,19,True
Q385,CD_421205,cd_421205_104.017410536_30.6862408458.jpg,Q385__cd_421205_104.0174105_30.68624085.jpg,images/Q385__cd_421205_104.0174105_30.68624085.jpg,,CD,104.0174105,30.68624085,20,True
Q386,CD_33819,cd_33819_104.063629187_30.6757888385.jpg,Q386__cd_33819_104.0636292_30.67578884.jpg,images/Q386__cd_33819_104.0636292_30.67578884.jpg,,CD,104.0636292,30.67578884,20,True
Q387,CD_472130,cd_472130_104.03188728_30.6421201091.jpg,Q387__cd_472130_104.0318873_30.64212011.jpg,images/Q387__cd_472130_104.0318873_30.64212011.jpg,,CD,104.0318873,30.64212011,20,True
Q388,CD_56502,cd_56502_104.132271151_30.6090252741.jpg,Q388__cd_56502_104.1322712_30.60902527.jpg,images/Q388__cd_56502_104.1322712_30.60902527.jpg,,CD,104.1322712,30.60902527,20,True
Q389,CD_417763,cd_417763_104.051403796_30.7113369034.jpg,Q389__cd_417763_104.0514038_30.7113369.jpg,images/Q389__cd_417763_104.0514038_30.7113369.jpg,,CD,104.0514038,30.7113369,20,True
Q390,CD_53623,cd_53623_104.108432408_30.6466823227.jpg,Q390__cd_53623_104.1084324_30.64668232.jpg,images/Q390__cd_53623_104.1084324_30.64668232.jpg,,CD,104.1084324,30.64668232,21,True
Q391,CD_33576,cd_33576_104.057862877_30.6766243329.jpg,Q391__cd_33576_104.0578629_30.67662433.jpg,images/Q391__cd_33576_104.0578629_30.67662433.jpg,,CD,104.0578629,30.67662433,21,True
Q392,CD_57543,cd_57543_104.141650766_30.6387210796.jpg,Q392__cd_57543_104.1416508_30.63872108.jpg,images/Q392__cd_57543_104.1416508_30.63872108.jpg,,CD,104.1416508,30.63872108,21,True
Q393,CD_43927,cd_43927_103.987837155_30.6509192797.jpg,Q393__cd_43927_103.9878372_30.65091928.jpg,images/Q393__cd_43927_103.9878372_30.65091928.jpg,,CD,103.9878372,30.65091928,21,True
Q394,CD_54312,cd_54312_104.065809986_30.6359807023.jpg,Q394__cd_54312_104.06581_30.6359807.jpg,images/Q394__cd_54312_104.06581_30.6359807.jpg,,CD,104.06581,30.6359807,21,True
Q395,CD_33865,cd_33865_104.089877523_30.6759234309.jpg,Q395__cd_33865_104.0898775_30.67592343.jpg,images/Q395__cd_33865_104.0898775_30.67592343.jpg,,CD,104.0898775,30.67592343,22,True
Q396,CD_33399,cd_33399_104.091860355_30.7019128812.jpg,Q396__cd_33399_104.0918604_30.70191288.jpg,images/Q396__cd_33399_104.0918604_30.70191288.jpg,,CD,104.0918604,30.70191288,22,True
Q397,CD_420902,cd_420902_104.049290372_30.708180391.jpg,Q397__cd_420902_104.0492904_30.70818039.jpg,images/Q397__cd_420902_104.0492904_30.70818039.jpg,,CD,104.0492904,30.70818039,23,True
Q398,CD_420844,cd_420844_104.035902901_30.7034101956.jpg,Q398__cd_420844_104.0359029_30.7034102.jpg,images/Q398__cd_420844_104.0359029_30.7034102.jpg,,CD,104.0359029,30.7034102,24,True
Q399,CD_413646,cd_413646_104.086397828_30.7029460463.jpg,Q399__cd_413646_104.0863978_30.70294605.jpg,images/Q399__cd_413646_104.0863978_30.70294605.jpg,,CD,104.0863978,30.70294605,24,True
Q400,CD_32321,cd_32321_104.108165363_30.7151985048.jpg,Q400__cd_32321_104.1081654_30.7151985.jpg,images/Q400__cd_32321_104.1081654_30.7151985.jpg,,CD,104.1081654,30.7151985,24,True
Q401,CQ_3203944,cq_3203944_106.518827_29.441484.jpg,Q401__cq_3203944_106.518827_29.441484.jpg,images/Q401__cq_3203944_106.518827_29.441484.jpg,,CQ,106.518827,29.441484,0,True
Q402,CQ_3162024,cq_3162024_106.457093_29.484764.jpg,Q402__cq_3162024_106.457093_29.484764.jpg,images/Q402__cq_3162024_106.457093_29.484764.jpg,,CQ,106.457093,29.484764,0,True
Q403,CQ_650844,cq_650844_106.494784_29.538608.jpg,Q403__cq_650844_106.494784_29.538608.jpg,images/Q403__cq_650844_106.494784_29.538608.jpg,,CQ,106.494784,29.538608,0,True
Q404,CQ_3154756,cq_3154756_106.457350_29.483299.jpg,Q404__cq_3154756_106.45735_29.483299.jpg,images/Q404__cq_3154756_106.45735_29.483299.jpg,,CQ,106.45735,29.483299,0,True
Q405,CQ_2436021,cq_2436021_106.560443_29.506319.jpg,Q405__cq_2436021_106.560443_29.506319.jpg,images/Q405__cq_2436021_106.560443_29.506319.jpg,,CQ,106.560443,29.506319,0,True
Q406,CQ_651294,cq_651294_106.491611_29.502860.jpg,Q406__cq_651294_106.491611_29.50286.jpg,images/Q406__cq_651294_106.491611_29.50286.jpg,,CQ,106.491611,29.50286,1,True
Q407,CQ_2432400,cq_2432400_106.511550_29.535987.jpg,Q407__cq_2432400_106.51155_29.535987.jpg,images/Q407__cq_2432400_106.51155_29.535987.jpg,,CQ,106.51155,29.535987,1,True
Q408,CQ_603868,cq_603868_106.453604_29.548039.jpg,Q408__cq_603868_106.453604_29.548039.jpg,images/Q408__cq_603868_106.453604_29.548039.jpg,,CQ,106.453604,29.548039,2,True
Q409,CQ_659902,cq_659902_106.491434_29.536046.jpg,Q409__cq_659902_106.491434_29.536046.jpg,images/Q409__cq_659902_106.491434_29.536046.jpg,,CQ,106.491434,29.536046,2,True
Q410,CQ_618268,cq_618268_106.469512_29.532041.jpg,Q410__cq_618268_106.469512_29.532041.jpg,images/Q410__cq_618268_106.469512_29.532041.jpg,,CQ,106.469512,29.532041,2,True
Q411,CQ_728958,cq_728958_106.579877_29.559292.jpg,Q411__cq_728958_106.579877_29.559292.jpg,images/Q411__cq_728958_106.579877_29.559292.jpg,,CQ,106.579877,29.559292,2,True
Q412,CQ_3159901,cq_3159901_106.505291_29.516732.jpg,Q412__cq_3159901_106.505291_29.516732.jpg,images/Q412__cq_3159901_106.505291_29.516732.jpg,,CQ,106.505291,29.516732,2,True
Q413,CQ_2431106,cq_2431106_106.547848_29.539400.jpg,Q413__cq_2431106_106.547848_29.5394.jpg,images/Q413__cq_2431106_106.547848_29.5394.jpg,,CQ,106.547848,29.5394,3,True
Q414,CQ_712241,cq_712241_106.555747_29.535232.jpg,Q414__cq_712241_106.555747_29.535232.jpg,images/Q414__cq_712241_106.555747_29.535232.jpg,,CQ,106.555747,29.535232,3,True
Q415,CQ_3156161,cq_3156161_106.494285_29.488688.jpg,Q415__cq_3156161_106.494285_29.488688.jpg,images/Q415__cq_3156161_106.494285_29.488688.jpg,,CQ,106.494285,29.488688,3,True
Q416,CQ_716159,cq_716159_106.562555_29.582879.jpg,Q416__cq_716159_106.562555_29.582879.jpg,images/Q416__cq_716159_106.562555_29.582879.jpg,,CQ,106.562555,29.582879,3,True
Q417,CQ_613135,cq_613135_106.460857_29.579991.jpg,Q417__cq_613135_106.460857_29.579991.jpg,images/Q417__cq_613135_106.460857_29.579991.jpg,,CQ,106.460857,29.579991,3,True
Q418,CQ_663349,cq_663349_106.503123_29.550444.jpg,Q418__cq_663349_106.503123_29.550444.jpg,images/Q418__cq_663349_106.503123_29.550444.jpg,,CQ,106.503123,29.550444,4,True
Q419,CQ_641281,cq_641281_106.488302_29.458477.jpg,Q419__cq_641281_106.488302_29.458477.jpg,images/Q419__cq_641281_106.488302_29.458477.jpg,,CQ,106.488302,29.458477,4,True
Q420,CQ_700445,cq_700445_106.548083_29.609431.jpg,Q420__cq_700445_106.548083_29.609431.jpg,images/Q420__cq_700445_106.548083_29.609431.jpg,,CQ,106.548083,29.609431,4,True
Q421,CQ_2433685,cq_2433685_106.501588_29.539292.jpg,Q421__cq_2433685_106.501588_29.539292.jpg,images/Q421__cq_2433685_106.501588_29.539292.jpg,,CQ,106.501588,29.539292,5,True
Q422,CQ_2804614,cq_2804614_106.567399_29.560494.jpg,Q422__cq_2804614_106.567399_29.560494.jpg,images/Q422__cq_2804614_106.567399_29.560494.jpg,,CQ,106.567399,29.560494,5,True
Q423,CQ_677052,cq_677052_106.517499_29.579026.jpg,Q423__cq_677052_106.517499_29.579026.jpg,images/Q423__cq_677052_106.517499_29.579026.jpg,,CQ,106.517499,29.579026,5,True
Q424,CQ_725117,cq_725117_106.574342_29.559630.jpg,Q424__cq_725117_106.574342_29.55963.jpg,images/Q424__cq_725117_106.574342_29.55963.jpg,,CQ,106.574342,29.55963,5,True
Q425,CQ_677982,cq_677982_106.519947_29.467744.jpg,Q425__cq_677982_106.519947_29.467744.jpg,images/Q425__cq_677982_106.519947_29.467744.jpg,,CQ,106.519947,29.467744,6,True
Q426,CQ_3153594,cq_3153594_106.513725_29.491139.jpg,Q426__cq_3153594_106.513725_29.491139.jpg,images/Q426__cq_3153594_106.513725_29.491139.jpg,,CQ,106.513725,29.491139,6,True
Q427,CQ_3308939,cq_3308939_106.584039_29.603334.jpg,Q427__cq_3308939_106.584039_29.603334.jpg,images/Q427__cq_3308939_106.584039_29.603334.jpg,,CQ,106.584039,29.603334,6,True
Q428,CQ_3307041,cq_3307041_106.557936_29.612308.jpg,Q428__cq_3307041_106.557936_29.612308.jpg,images/Q428__cq_3307041_106.557936_29.612308.jpg,,CQ,106.557936,29.612308,7,True
Q429,CQ_3158284,cq_3158284_106.473681_29.493200.jpg,Q429__cq_3158284_106.473681_29.4932.jpg,images/Q429__cq_3158284_106.473681_29.4932.jpg,,CQ,106.473681,29.4932,8,True
Q430,CQ_721993,cq_721993_106.565202_29.484286.jpg,Q430__cq_721993_106.565202_29.484286.jpg,images/Q430__cq_721993_106.565202_29.484286.jpg,,CQ,106.565202,29.484286,8,True
Q431,CQ_3305984,cq_3305984_106.518044_29.610399.jpg,Q431__cq_3305984_106.518044_29.610399.jpg,images/Q431__cq_3305984_106.518044_29.610399.jpg,,CQ,106.518044,29.610399,8,True
Q432,CQ_625426,cq_625426_106.474089_29.463568.jpg,Q432__cq_625426_106.474089_29.463568.jpg,images/Q432__cq_625426_106.474089_29.463568.jpg,,CQ,106.474089,29.463568,8,True
Q433,CQ_650795,cq_650795_106.495246_29.546867.jpg,Q433__cq_650795_106.495246_29.546867.jpg,images/Q433__cq_650795_106.495246_29.546867.jpg,,CQ,106.495246,29.546867,8,True
Q434,CQ_603548,cq_603548_106.455207_29.574693.jpg,Q434__cq_603548_106.455207_29.574693.jpg,images/Q434__cq_603548_106.455207_29.574693.jpg,,CQ,106.455207,29.574693,8,True
Q435,CQ_681375,cq_681375_106.520554_29.605586.jpg,Q435__cq_681375_106.520554_29.605586.jpg,images/Q435__cq_681375_106.520554_29.605586.jpg,,CQ,106.520554,29.605586,8,True
Q436,CQ_3305590,cq_3305590_106.516570_29.575043.jpg,Q436__cq_3305590_106.51657_29.575043.jpg,images/Q436__cq_3305590_106.51657_29.575043.jpg,,CQ,106.51657,29.575043,9,True
Q437,CQ_2834397,cq_2834397_106.455895_29.573308.jpg,Q437__cq_2834397_106.455895_29.573308.jpg,images/Q437__cq_2834397_106.455895_29.573308.jpg,,CQ,106.455895,29.573308,10,True
Q438,CQ_659449,cq_659449_106.506433_29.581275.jpg,Q438__cq_659449_106.506433_29.581275.jpg,images/Q438__cq_659449_106.506433_29.581275.jpg,,CQ,106.506433,29.581275,10,True
Q439,CQ_3307641,cq_3307641_106.512037_29.579880.jpg,Q439__cq_3307641_106.512037_29.57988.jpg,images/Q439__cq_3307641_106.512037_29.57988.jpg,,CQ,106.512037,29.57988,10,True
Q440,CQ_3157640,cq_3157640_106.483122_29.492916.jpg,Q440__cq_3157640_106.483122_29.492916.jpg,images/Q440__cq_3157640_106.483122_29.492916.jpg,,CQ,106.483122,29.492916,10,True
Q441,CQ_2913736,cq_2913736_106.507786_29.587449.jpg,Q441__cq_2913736_106.507786_29.587449.jpg,images/Q441__cq_2913736_106.507786_29.587449.jpg,,CQ,106.507786,29.587449,10,True
Q442,CQ_682750,cq_682750_106.523416_29.495682.jpg,Q442__cq_682750_106.523416_29.495682.jpg,images/Q442__cq_682750_106.523416_29.495682.jpg,,CQ,106.523416,29.495682,10,True
Q443,CQ_2433039,cq_2433039_106.554688_29.553028.jpg,Q443__cq_2433039_106.554688_29.553028.jpg,images/Q443__cq_2433039_106.554688_29.553028.jpg,,CQ,106.554688,29.553028,11,True
Q444,CQ_3423657,cq_3423657_106.572971_29.519664.jpg,Q444__cq_3423657_106.572971_29.519664.jpg,images/Q444__cq_3423657_106.572971_29.519664.jpg,,CQ,106.572971,29.519664,11,True
Q445,CQ_3233434,cq_3233434_106.542749_29.530928.jpg,Q445__cq_3233434_106.542749_29.530928.jpg,images/Q445__cq_3233434_106.542749_29.530928.jpg,,CQ,106.542749,29.530928,12,True
Q446,CQ_663741,cq_663741_106.506300_29.528250.jpg,Q446__cq_663741_106.5063_29.52825.jpg,images/Q446__cq_663741_106.5063_29.52825.jpg,,CQ,106.5063,29.52825,12,True
Q447,CQ_3420869,cq_3420869_106.541134_29.599774.jpg,Q447__cq_3420869_106.541134_29.599774.jpg,images/Q447__cq_3420869_106.541134_29.599774.jpg,,CQ,106.541134,29.599774,12,True
Q448,CQ_728802,cq_728802_106.580124_29.586213.jpg,Q448__cq_728802_106.580124_29.586213.jpg,images/Q448__cq_728802_106.580124_29.586213.jpg,,CQ,106.580124,29.586213,12,True
Q449,CQ_2921058,cq_2921058_106.570486_29.541639.jpg,Q449__cq_2921058_106.570486_29.541639.jpg,images/Q449__cq_2921058_106.570486_29.541639.jpg,,CQ,106.570486,29.541639,12,True
Q450,CQ_683177,cq_683177_106.523267_29.461740.jpg,Q450__cq_683177_106.523267_29.46174.jpg,images/Q450__cq_683177_106.523267_29.46174.jpg,,CQ,106.523267,29.46174,12,True
Q451,CQ_594591,cq_594591_106.441135_29.545584.jpg,Q451__cq_594591_106.441135_29.545584.jpg,images/Q451__cq_594591_106.441135_29.545584.jpg,,CQ,106.441135,29.545584,13,True
Q452,CQ_604108,cq_604108_106.453627_29.531365.jpg,Q452__cq_604108_106.453627_29.531365.jpg,images/Q452__cq_604108_106.453627_29.531365.jpg,,CQ,106.453627,29.531365,13,True
Q453,CQ_2913764,cq_2913764_106.507122_29.595720.jpg,Q453__cq_2913764_106.507122_29.59572.jpg,images/Q453__cq_2913764_106.507122_29.59572.jpg,,CQ,106.507122,29.59572,13,True
Q454,CQ_3148282,cq_3148282_106.528079_29.492025.jpg,Q454__cq_3148282_106.528079_29.492025.jpg,images/Q454__cq_3148282_106.528079_29.492025.jpg,,CQ,106.528079,29.492025,13,True
Q455,CQ_618161,cq_618161_106.467495_29.548961.jpg,Q455__cq_618161_106.467495_29.548961.jpg,images/Q455__cq_618161_106.467495_29.548961.jpg,,CQ,106.467495,29.548961,13,True
Q456,CQ_624558,cq_624558_106.468249_29.528920.jpg,Q456__cq_624558_106.468249_29.52892.jpg,images/Q456__cq_624558_106.468249_29.52892.jpg,,CQ,106.468249,29.52892,14,True
Q457,CQ_3421010,cq_3421010_106.516675_29.495835.jpg,Q457__cq_3421010_106.516675_29.495835.jpg,images/Q457__cq_3421010_106.516675_29.495835.jpg,,CQ,106.516675,29.495835,14,True
Q458,CQ_629201,cq_629201_106.480125_29.525896.jpg,Q458__cq_629201_106.480125_29.525896.jpg,images/Q458__cq_629201_106.480125_29.525896.jpg,,CQ,106.480125,29.525896,14,True
Q459,CQ_715992,cq_715992_106.561427_29.598184.jpg,Q459__cq_715992_106.561427_29.598184.jpg,images/Q459__cq_715992_106.561427_29.598184.jpg,,CQ,106.561427,29.598184,14,True
Q460,CQ_2434449,cq_2434449_106.537656_29.576060.jpg,Q460__cq_2434449_106.537656_29.57606.jpg,images/Q460__cq_2434449_106.537656_29.57606.jpg,,CQ,106.537656,29.57606,15,True
Q461,CQ_744216,cq_744216_106.591050_29.584475.jpg,Q461__cq_744216_106.59105_29.584475.jpg,images/Q461__cq_744216_106.59105_29.584475.jpg,,CQ,106.59105,29.584475,15,True
Q462,CQ_3153956,cq_3153956_106.450854_29.520787.jpg,Q462__cq_3153956_106.450854_29.520787.jpg,images/Q462__cq_3153956_106.450854_29.520787.jpg,,CQ,106.450854,29.520787,15,True
Q463,CQ_3304275,cq_3304275_106.538150_29.582680.jpg,Q463__cq_3304275_106.53815_29.58268.jpg,images/Q463__cq_3304275_106.53815_29.58268.jpg,,CQ,106.53815,29.58268,15,True
Q464,CQ_613319,cq_613319_106.464051_29.553143.jpg,Q464__cq_613319_106.464051_29.553143.jpg,images/Q464__cq_613319_106.464051_29.553143.jpg,,CQ,106.464051,29.553143,15,True
Q465,CQ_603815,cq_603815_106.457731_29.553842.jpg,Q465__cq_603815_106.457731_29.553842.jpg,images/Q465__cq_603815_106.457731_29.553842.jpg,,CQ,106.457731,29.553842,15,True
Q466,CQ_629722,cq_629722_106.475187_29.483870.jpg,Q466__cq_629722_106.475187_29.48387.jpg,images/Q466__cq_629722_106.475187_29.48387.jpg,,CQ,106.475187,29.48387,16,True
Q467,CQ_646965,cq_646965_106.482238_29.576094.jpg,Q467__cq_646965_106.482238_29.576094.jpg,images/Q467__cq_646965_106.482238_29.576094.jpg,,CQ,106.482238,29.576094,16,True
Q468,CQ_744383,cq_744383_106.595107_29.564042.jpg,Q468__cq_744383_106.595107_29.564042.jpg,images/Q468__cq_744383_106.595107_29.564042.jpg,,CQ,106.595107,29.564042,16,True
Q469,CQ_686529,cq_686529_106.524892_29.503893.jpg,Q469__cq_686529_106.524892_29.503893.jpg,images/Q469__cq_686529_106.524892_29.503893.jpg,,CQ,106.524892,29.503893,16,True
Q470,CQ_686141,cq_686141_106.528584_29.583459.jpg,Q470__cq_686141_106.528584_29.583459.jpg,images/Q470__cq_686141_106.528584_29.583459.jpg,,CQ,106.528584,29.583459,17,True
Q471,CQ_662799,cq_662799_106.506318_29.600819.jpg,Q471__cq_662799_106.506318_29.600819.jpg,images/Q471__cq_662799_106.506318_29.600819.jpg,,CQ,106.506318,29.600819,17,True
Q472,CQ_3151705,cq_3151705_106.468576_29.491371.jpg,Q472__cq_3151705_106.468576_29.491371.jpg,images/Q472__cq_3151705_106.468576_29.491371.jpg,,CQ,106.468576,29.491371,18,True
Q473,CQ_599760,cq_599760_106.447803_29.509064.jpg,Q473__cq_599760_106.447803_29.509064.jpg,images/Q473__cq_599760_106.447803_29.509064.jpg,,CQ,106.447803,29.509064,18,True
Q474,CQ_618848,cq_618848_106.467135_29.488305.jpg,Q474__cq_618848_106.467135_29.488305.jpg,images/Q474__cq_618848_106.467135_29.488305.jpg,,CQ,106.467135,29.488305,18,True
Q475,CQ_650177,cq_650177_106.493770_29.591686.jpg,Q475__cq_650177_106.49377_29.591686.jpg,images/Q475__cq_650177_106.49377_29.591686.jpg,,CQ,106.49377,29.591686,18,True
Q476,CQ_650640,cq_650640_106.493456_29.562042.jpg,Q476__cq_650640_106.493456_29.562042.jpg,images/Q476__cq_650640_106.493456_29.562042.jpg,,CQ,106.493456,29.562042,19,True
Q477,CQ_2923568,cq_2923568_106.558559_29.579834.jpg,Q477__cq_2923568_106.558559_29.579834.jpg,images/Q477__cq_2923568_106.558559_29.579834.jpg,,CQ,106.558559,29.579834,19,True
Q478,CQ_2432089,cq_2432089_106.544174_29.572213.jpg,Q478__cq_2432089_106.544174_29.572213.jpg,images/Q478__cq_2432089_106.544174_29.572213.jpg,,CQ,106.544174,29.572213,19,True
Q479,CQ_682633,cq_682633_106.525744_29.509342.jpg,Q479__cq_682633_106.525744_29.509342.jpg,images/Q479__cq_682633_106.525744_29.509342.jpg,,CQ,106.525744,29.509342,20,True
Q480,CQ_2913663,cq_2913663_106.507381_29.592937.jpg,Q480__cq_2913663_106.507381_29.592937.jpg,images/Q480__cq_2913663_106.507381_29.592937.jpg,,CQ,106.507381,29.592937,20,True
Q481,CQ_696255,cq_696255_106.541086_29.563878.jpg,Q481__cq_696255_106.541086_29.563878.jpg,images/Q481__cq_696255_106.541086_29.563878.jpg,,CQ,106.541086,29.563878,20,True
Q482,CQ_629586,cq_629586_106.476932_29.493040.jpg,Q482__cq_629586_106.476932_29.49304.jpg,images/Q482__cq_629586_106.476932_29.49304.jpg,,CQ,106.476932,29.49304,20,True
Q483,CQ_3420920,cq_3420920_106.525091_29.613785.jpg,Q483__cq_3420920_106.525091_29.613785.jpg,images/Q483__cq_3420920_106.525091_29.613785.jpg,,CQ,106.525091,29.613785,21,True
Q484,CQ_2431630,cq_2431630_106.585359_29.605180.jpg,Q484__cq_2431630_106.585359_29.60518.jpg,images/Q484__cq_2431630_106.585359_29.60518.jpg,,CQ,106.585359,29.60518,21,True
Q485,CQ_2432286,cq_2432286_106.511372_29.534565.jpg,Q485__cq_2432286_106.511372_29.534565.jpg,images/Q485__cq_2432286_106.511372_29.534565.jpg,,CQ,106.511372,29.534565,21,True
Q486,CQ_641257,cq_641257_106.487602_29.465140.jpg,Q486__cq_641257_106.487602_29.46514.jpg,images/Q486__cq_641257_106.487602_29.46514.jpg,,CQ,106.487602,29.46514,22,True
Q487,CQ_721943,cq_721943_106.565490_29.494576.jpg,Q487__cq_721943_106.56549_29.494576.jpg,images/Q487__cq_721943_106.56549_29.494576.jpg,,CQ,106.56549,29.494576,22,True
Q488,CQ_3162020,cq_3162020_106.494956_29.539890.jpg,Q488__cq_3162020_106.494956_29.53989.jpg,images/Q488__cq_3162020_106.494956_29.53989.jpg,,CQ,106.494956,29.53989,22,True
Q489,CQ_2423376,cq_2423376_106.503149_29.523062.jpg,Q489__cq_2423376_106.503149_29.523062.jpg,images/Q489__cq_2423376_106.503149_29.523062.jpg,,CQ,106.503149,29.523062,22,True
Q490,CQ_3425032,cq_3425032_106.560052_29.543771.jpg,Q490__cq_3425032_106.560052_29.543771.jpg,images/Q490__cq_3425032_106.560052_29.543771.jpg,,CQ,106.560052,29.543771,22,True
Q491,CQ_676820,cq_676820_106.517638_29.603895.jpg,Q491__cq_676820_106.517638_29.603895.jpg,images/Q491__cq_676820_106.517638_29.603895.jpg,,CQ,106.517638,29.603895,23,True
Q492,CQ_672625,cq_672625_106.502321_29.544111.jpg,Q492__cq_672625_106.502321_29.544111.jpg,images/Q492__cq_672625_106.502321_29.544111.jpg,,CQ,106.502321,29.544111,23,True
Q493,CQ_672708,cq_672708_106.513721_29.538502.jpg,Q493__cq_672708_106.513721_29.538502.jpg,images/Q493__cq_672708_106.513721_29.538502.jpg,,CQ,106.513721,29.538502,23,True
Q494,CQ_2434519,cq_2434519_106.591036_29.594015.jpg,Q494__cq_2434519_106.591036_29.594015.jpg,images/Q494__cq_2434519_106.591036_29.594015.jpg,,CQ,106.591036,29.594015,23,True
Q495,CQ_681349,cq_681349_106.521299_29.600925.jpg,Q495__cq_681349_106.521299_29.600925.jpg,images/Q495__cq_681349_106.521299_29.600925.jpg,,CQ,106.521299,29.600925,23,True
Q496,CQ_663846,cq_663846_106.498615_29.528572.jpg,Q496__cq_663846_106.498615_29.528572.jpg,images/Q496__cq_663846_106.498615_29.528572.jpg,,CQ,106.498615,29.528572,23,True
Q497,CQ_618703,cq_618703_106.465984_29.491816.jpg,Q497__cq_618703_106.465984_29.491816.jpg,images/Q497__cq_618703_106.465984_29.491816.jpg,,CQ,106.465984,29.491816,24,True
Q498,CQ_640807,cq_640807_106.478962_29.516474.jpg,Q498__cq_640807_106.478962_29.516474.jpg,images/Q498__cq_640807_106.478962_29.516474.jpg,,CQ,106.478962,29.516474,24,True
Q499,CQ_3420907,cq_3420907_106.530447_29.612347.jpg,Q499__cq_3420907_106.530447_29.612347.jpg,images/Q499__cq_3420907_106.530447_29.612347.jpg,,CQ,106.530447,29.612347,24,True
Q500,CQ_3205369,cq_3205369_106.565834_29.594722.jpg,Q500__cq_3205369_106.565834_29.594722.jpg,images/Q500__cq_3205369_106.565834_29.594722.jpg,,CQ,106.565834,29.594722,24,True
